Node 1 MemTotal,Node 1 MemFree,Node 1 MemUsed,Node 1 SwapCached,Node 1 Active,Node 1 Inactive,Node 1 Active(anon),Node 1 Inactive(anon),Node 1 Active(file),Node 1 Inactive(file),Node 1 Unevictable,Node 1 Mlocked,Node 1 Dirty,Node 1 Writeback,Node 1 FilePages,Node 1 Mapped,Node 1 AnonPages,Node 1 Shmem,Node 1 KernelStack,Node 1 PageTables,Node 1 NFS_Unstable,Node 1 Bounce,Node 1 WritebackTmp,Node 1 KReclaimable,Node 1 Slab,Node 1 SReclaimable,Node 1 SUnreclaim,Node 1 AnonHugePages,Node 1 ShmemHugePages,Node 1 ShmemPmdMapped,Node 1 FileHugePages,Node 1 FilePmdMapped,Node 1 HugePages_Total,Node 1 HugePages_Free,Node 1 HugePages_Surp,timestamp
0,0,0,0,0,0,0,0,0,0,0,0,0,0,0,0,0,0,0,0,0,0,0,0,0,0,0,0,0,0,0,0,0,0,0,"2024-08-19 03:19:29,857"
0,68664,-68664,544,3056,3560,0,588,3056,2972,0,0,32,0,7096,1164,620,0,-264,4,0,0,0,1448,1512,1448,64,0,0,0,0,0,0,0,0,"2024-08-19 03:19:39,880"
0,-9175912,9175912,1808,5456,9226580,0,9171872,5456,54708,0,0,0,0,62060,3104,9171844,0,-264,17928,0,0,0,1580,1684,1580,104,0,0,0,0,0,0,0,0,"2024-08-19 03:19:49,882"
0,-27625364,27625364,1828,5456,27640188,0,27585472,5456,54716,0,0,0,0,62084,3104,27585408,0,-328,53904,0,0,0,1580,1684,1580,104,0,0,0,0,0,0,0,0,"2024-08-19 03:19:59,884"
0,-46123172,46123172,1852,5456,46101572,0,46046856,5456,54716,0,0,0,0,62116,3104,46046784,0,-312,90088,0,0,0,1580,1684,1580,104,0,0,0,0,0,0,0,0,"2024-08-19 03:20:09,885"
0,-55039732,55039732,1852,89092,54916032,0,50890844,89092,4025188,0,0,0,0,4116252,3104,50890768,0,-312,99592,0,0,0,10764,10996,10764,232,0,0,0,0,0,0,0,0,"2024-08-19 03:20:19,886"
0,-60714868,60714868,1852,205920,60461284,0,50890844,205920,9570440,0,0,0,0,9778372,3104,50890768,0,-312,99592,0,0,0,23596,24036,23596,440,0,0,0,0,0,0,0,0,"2024-08-19 03:20:29,888"
0,-64763456,64763456,2068,328220,64376752,12,50891052,328208,13485700,0,0,0,0,13816224,3328,50890984,0,-296,99600,0,0,0,35316,35960,35316,644,0,0,0,0,0,0,0,0,"2024-08-19 03:20:39,889"
0,-64787604,64787604,2072,452780,64263412,12,50891112,452768,13372300,0,0,0,0,13827268,3328,50891000,0,-296,99600,0,0,0,47412,48248,47412,836,0,0,0,0,0,0,0,0,"2024-08-19 03:20:49,891"
0,-64790864,64790864,2076,574356,64133500,12,50891120,574344,13242380,0,0,0,0,13819192,3328,50891008,0,-296,99600,0,0,0,59300,60312,59300,1012,0,0,0,0,0,0,0,0,"2024-08-19 03:20:59,892"
0,-64792000,64792000,2048,692592,64002648,24,50891140,692568,13111508,0,0,0,0,13806960,4620,50891016,-12,-296,99600,0,0,0,71568,72772,71568,1204,0,0,0,0,0,0,0,0,"2024-08-19 03:21:09,894"
0,-64766664,64766664,2052,801456,63854972,28,50891136,801428,12963836,0,0,0,0,13768108,-288,50891016,-16,-296,99600,0,0,0,84100,85496,84100,1396,0,0,0,0,0,0,0,0,"2024-08-19 03:21:19,895"
0,-64787668,64787668,2052,917772,63747288,28,50891136,917744,12856152,0,0,0,0,13776340,-3868,50891016,-16,-296,99600,0,0,0,96612,98200,96612,1588,0,0,0,0,0,0,0,0,"2024-08-19 03:21:29,896"
0,-64776712,64776712,2052,1025572,63614412,28,50891112,1025544,12723300,0,0,0,0,13751688,-6644,50891044,-16,-296,99600,0,0,0,108212,110000,108212,1788,0,0,0,0,0,0,0,0,"2024-08-19 03:21:39,898"
0,-64757016,64757016,2300,1078332,63536660,28,50891392,1078304,12645268,0,0,4,0,13726112,-7936,50891332,-16,-304,99600,0,0,0,112628,114504,112628,1876,0,0,0,0,0,0,0,0,"2024-08-19 03:21:49,899"
0,-64756224,64756224,2744,1080356,63537564,40,50892000,1080316,12645564,0,0,140,0,13728580,-6572,50891908,-12,-272,99644,0,0,0,112376,110000,112376,-2376,0,0,0,0,0,0,0,0,"2024-08-19 03:22:00,644"
0,-64750072,64750072,2744,1080356,63537404,36,50891836,1080320,12645568,0,0,44,0,13728588,-7916,50891712,-12,-368,99600,0,0,0,112124,106604,112124,-5520,0,0,0,0,0,0,0,0,"2024-08-19 03:22:10,645"
0,-64749272,64749272,2744,1080356,63537404,36,50891836,1080320,12645568,0,0,0,0,13728588,-7916,50891712,-12,-368,99600,0,0,0,112124,106600,112124,-5524,0,0,0,0,0,0,0,0,"2024-08-19 03:22:20,646"
0,-64748760,64748760,2744,1080356,63537404,36,50891836,1080320,12645568,0,0,0,0,13728588,-7916,50891712,-12,-368,99600,0,0,0,112124,106600,112124,-5524,0,0,0,0,0,0,0,0,"2024-08-19 03:22:30,647"
0,-64747228,64747228,2744,1080360,63537320,36,50891756,1080324,12645564,0,0,12,0,13728588,-7916,50891636,-12,-368,99600,0,0,0,112124,106596,112124,-5528,0,0,0,0,0,0,0,0,"2024-08-19 03:22:40,648"
0,-60002224,60002224,2680,1080352,58729504,36,46083940,1080316,12645564,8,8,0,0,13728524,-7668,46083828,-12,-368,99600,0,0,0,112124,106596,112124,-5528,0,0,0,0,0,0,0,0,"2024-08-19 03:22:50,650"
0,-58522356,58522356,4912,1080352,57259548,36,44527672,1080316,12731876,8,8,0,0,13817212,10668,44526764,132,-368,99600,0,0,0,112120,106592,112120,-5528,36864,0,0,0,0,0,0,0,"2024-08-19 03:23:00,652"
0,-58540628,58540628,4996,1080356,57258400,36,44526188,1080320,12732212,8,8,0,0,13818036,10848,44525296,532,-368,99600,0,0,0,112048,106520,112048,-5528,36864,0,0,0,0,0,0,0,"2024-08-19 03:23:10,654"
0,-58541360,58541360,4996,1080356,57247704,36,44515360,1080320,12732344,8,8,0,0,13818168,10860,44514468,532,-368,99600,0,0,0,112048,106520,112048,-5528,36864,0,0,0,0,0,0,0,"2024-08-19 03:23:20,656"
0,-58526472,58526472,4996,1080356,57254416,36,44522068,1080320,12732348,8,8,0,0,13818168,10860,44521180,528,-368,99600,0,0,0,112048,106520,112048,-5528,36864,0,0,0,0,0,0,0,"2024-08-19 03:23:30,658"
0,-58553004,58553004,4996,1080356,57257696,36,44525340,1080320,12732356,8,8,0,0,13818164,10860,44524452,516,-368,99600,0,0,0,112048,106512,112048,-5536,36864,0,0,0,0,0,0,0,"2024-08-19 03:23:40,660"
0,-58529656,58529656,5000,1080356,57248880,36,44516520,1080320,12732360,8,8,0,0,13818188,10860,44515624,532,-368,99600,0,0,0,112048,106512,112048,-5536,36864,0,0,0,0,0,0,0,"2024-08-19 03:23:50,662"
0,-58536316,58536316,5000,1080356,57251668,36,44519300,1080320,12732368,8,8,0,0,13818192,10860,44518408,528,-368,99600,0,0,0,112048,106512,112048,-5536,36864,0,0,0,0,0,0,0,"2024-08-19 03:24:00,664"
0,-58522636,58522636,5000,1080356,57254756,36,44522384,1080320,12732372,8,8,0,0,13818200,10860,44521492,532,-368,99600,0,0,0,112048,106512,112048,-5536,36864,0,0,0,0,0,0,0,"2024-08-19 03:24:10,666"
0,-58515496,58515496,5000,1080356,57250904,36,44518524,1080320,12732380,8,8,0,0,13818204,10860,44517632,528,-368,99600,0,0,0,112048,106512,112048,-5536,36864,0,0,0,0,0,0,0,"2024-08-19 03:24:20,667"
0,-58531724,58531724,5000,1080356,57247352,36,44514968,1080320,12732384,8,8,0,0,13818208,10860,44514072,528,-368,99600,0,0,0,112048,106512,112048,-5536,36864,0,0,0,0,0,0,0,"2024-08-19 03:24:30,669"
0,-58533976,58533976,5000,1080416,57251560,36,44519224,1080380,12732336,8,8,0,0,13818220,10864,44518340,528,-368,99600,0,0,0,112048,106508,112048,-5540,36864,0,0,0,0,0,0,0,"2024-08-19 03:24:40,672"
0,-58506280,58506280,5000,1080416,57252840,36,44520500,1080380,12732340,8,8,0,0,13818228,10864,44519604,532,-368,99600,0,0,0,112048,106508,112048,-5540,36864,0,0,0,0,0,0,0,"2024-08-19 03:24:50,674"
0,-58517328,58517328,5000,1080416,57251664,36,44519316,1080380,12732348,8,8,0,0,13818232,10864,44518428,528,-368,99600,0,0,0,112048,106508,112048,-5540,36864,0,0,0,0,0,0,0,"2024-08-19 03:25:00,676"
0,-58522652,58522652,5000,1080416,57254760,32,44521484,1080384,12733276,8,8,32,0,13819176,11540,44520576,540,-368,99600,0,0,0,112012,106472,112012,-5540,36864,0,0,0,0,0,0,0,"2024-08-19 03:25:10,678"
0,-58528208,58528208,5000,1080416,57254308,32,44521024,1080384,12733284,8,8,0,0,13819184,11540,44520112,540,-368,99600,0,0,0,112012,106472,112012,-5540,36864,0,0,0,0,0,0,0,"2024-08-19 03:25:20,680"
0,-58521136,58521136,5004,1080416,57255200,32,44521912,1080384,12733288,8,8,0,0,13819188,11540,44521012,536,-368,99600,0,0,0,112012,106472,112012,-5540,36864,0,0,0,0,0,0,0,"2024-08-19 03:25:30,682"
0,-58529080,58529080,5004,1080416,57250956,32,44517660,1080384,12733296,8,8,0,0,13819192,11540,44516760,532,-368,99600,0,0,0,112012,106468,112012,-5544,36864,0,0,0,0,0,0,0,"2024-08-19 03:25:40,684"
0,-58525288,58525288,5008,1080416,57252952,32,44519652,1080384,12733300,8,8,0,0,13819200,11540,44518748,532,-368,99600,0,0,0,112012,106468,112012,-5544,36864,0,0,0,0,0,0,0,"2024-08-19 03:25:50,686"
0,-58531492,58531492,5008,1080416,57254012,32,44520588,1080384,12733424,8,8,0,0,13819320,11616,44519684,528,-368,99600,0,0,0,111988,106444,111988,-5544,36864,0,0,0,0,0,0,0,"2024-08-19 03:26:00,688"
0,-58522964,58522964,5008,1080416,57253532,32,44520100,1080384,12733432,8,8,0,0,13819332,11616,44519196,532,-368,99600,0,0,0,111988,106444,111988,-5544,36864,0,0,0,0,0,0,0,"2024-08-19 03:26:10,689"
0,-58523544,58523544,5008,1080416,57253212,32,44519776,1080384,12733436,8,8,0,0,13819336,11616,44518872,532,-368,99600,0,0,0,111988,106444,111988,-5544,36864,0,0,0,0,0,0,0,"2024-08-19 03:26:20,691"
0,-58533524,58533524,5008,1080416,57250888,32,44517444,1080384,12733444,8,8,0,0,13819340,11616,44516548,528,-368,99600,0,0,0,111988,106444,111988,-5544,36864,0,0,0,0,0,0,0,"2024-08-19 03:26:30,693"
0,-58527120,58527120,5008,1080416,57250024,32,44516576,1080384,12733448,8,8,0,0,13819340,11616,44515680,524,-368,99600,0,0,0,111988,106444,111988,-5544,36864,0,0,0,0,0,0,0,"2024-08-19 03:26:40,695"
0,-58528080,58528080,5008,1080416,57253312,32,44519856,1080384,12733456,8,8,0,0,13819356,11616,44518956,532,-368,99600,0,0,0,111988,106444,111988,-5544,36864,0,0,0,0,0,0,0,"2024-08-19 03:26:50,697"
0,-58521424,58521424,5008,1080416,57251988,32,44518388,1080384,12733600,8,8,0,0,13819496,11628,44517488,528,-368,99600,0,0,0,111988,106444,111988,-5544,36864,0,0,0,0,0,0,0,"2024-08-19 03:27:00,699"
0,-58514336,58514336,5008,1080416,57249400,32,44515792,1080384,12733608,8,8,0,0,13819508,11628,44514888,532,-368,99600,0,0,0,111988,106444,111988,-5544,36864,0,0,0,0,0,0,0,"2024-08-19 03:27:10,701"
0,-58519804,58519804,5008,1080416,57251452,32,44517840,1080384,12733612,8,8,0,0,13819512,11628,44516940,532,-368,99600,0,0,0,111988,106444,111988,-5544,36864,0,0,0,0,0,0,0,"2024-08-19 03:27:20,703"
0,-58514120,58514120,5008,1080416,57253024,32,44519404,1080384,12733620,8,8,0,0,13819516,11628,44518512,528,-368,99600,0,0,0,111988,106444,111988,-5544,36864,0,0,0,0,0,0,0,"2024-08-19 03:27:30,705"
0,-58511180,58511180,5008,1080416,57250076,32,44516452,1080384,12733624,8,8,0,0,13819516,11628,44515564,524,-368,99600,0,0,0,111988,106444,111988,-5544,36864,0,0,0,0,0,0,0,"2024-08-19 03:27:40,707"
0,-58515768,58515768,5008,1080416,57250960,32,44517328,1080384,12733632,8,8,0,0,13819532,11628,44516428,532,-384,99600,0,0,0,111988,106444,111988,-5544,36864,0,0,0,0,0,0,0,"2024-08-19 03:27:50,708"
0,-58520940,58520940,5008,1080416,57250848,32,44517212,1080384,12733636,8,8,0,0,13819532,11628,44516324,528,-384,99600,0,0,0,111988,106444,111988,-5544,36864,0,0,0,0,0,0,0,"2024-08-19 03:28:00,710"
0,-58523992,58523992,5008,1080416,57251280,32,44517636,1080384,12733644,8,8,0,0,13819544,11628,44516740,532,-384,99600,0,0,0,111988,106444,111988,-5544,36864,0,0,0,0,0,0,0,"2024-08-19 03:28:10,712"
0,-58524384,58524384,5008,1080416,57252196,32,44518548,1080384,12733648,8,8,0,0,13819548,11628,44517652,532,-384,99600,0,0,0,111988,106444,111988,-5544,36864,0,0,0,0,0,0,0,"2024-08-19 03:28:20,714"
0,-58520300,58520300,5020,1080416,57250140,32,44516484,1080384,12733656,8,8,0,0,13819564,11628,44515576,528,-384,99600,0,0,0,111988,106444,111988,-5544,36864,0,0,0,0,0,0,0,"2024-08-19 03:28:30,716"
0,-58516192,58516192,5020,1080416,57249740,32,44516080,1080384,12733660,8,8,0,0,13819564,11628,44515180,524,-384,99600,0,0,0,111988,106444,111988,-5544,36864,0,0,0,0,0,0,0,"2024-08-19 03:28:40,718"
0,-58529312,58529312,5020,1080416,57247376,32,44513708,1080384,12733668,8,8,0,0,13819580,11628,44512800,532,-384,99600,0,0,0,111988,106444,111988,-5544,36864,0,0,0,0,0,0,0,"2024-08-19 03:28:50,720"
0,-58522388,58522388,5020,1080416,57247292,32,44513620,1080384,12733672,8,8,0,0,13819580,11628,44512712,528,-384,99600,0,0,0,111988,106444,111988,-5544,36864,0,0,0,0,0,0,0,"2024-08-19 03:29:00,738"
0,-58538484,58538484,5028,1080416,57251928,32,44518248,1080384,12733680,8,8,0,0,13819600,11628,44517348,532,-384,99600,0,0,0,111988,106444,111988,-5544,36864,0,0,0,0,0,0,0,"2024-08-19 03:29:10,740"
0,-58545228,58545228,5028,1080416,57251188,32,44517500,1080384,12733688,8,8,0,0,13819608,11628,44516588,532,-384,99600,0,0,0,111988,106444,111988,-5544,36864,0,0,0,0,0,0,0,"2024-08-19 03:29:20,742"
0,-58517328,58517328,5032,1080440,57252212,32,44516472,1080408,12735740,8,8,184,0,13821684,11728,44515560,528,-384,99600,0,0,0,111988,106444,111988,-5544,36864,0,0,0,0,0,0,0,"2024-08-19 03:29:30,744"
0,-58530792,58530792,5064,1080440,57252388,32,44516192,1080408,12736196,8,8,12,0,13822168,12100,44515272,524,-384,99600,0,0,0,111988,106444,111988,-5544,36864,0,0,0,0,0,0,0,"2024-08-19 03:29:40,745"
0,-58521740,58521740,5064,1080440,57250272,32,44514072,1080408,12736200,8,8,0,0,13822176,12100,44513148,528,-384,99600,0,0,0,111988,106444,111988,-5544,36864,0,0,0,0,0,0,0,"2024-08-19 03:29:50,747"
0,-58523828,58523828,5064,1080440,57252880,32,44516672,1080408,12736208,8,8,0,0,13822180,12100,44515756,524,-384,99600,0,0,0,111988,106444,111988,-5544,36864,0,0,0,0,0,0,0,"2024-08-19 03:30:00,749"
0,-58529248,58529248,5064,1080440,57262072,32,44525860,1080408,12736212,8,8,0,0,13822188,12100,44524944,528,-384,99600,0,0,0,111988,106444,111988,-5544,36864,0,0,0,0,0,0,0,"2024-08-19 03:30:10,751"
0,-58529616,58529616,5064,1080440,57257608,32,44521388,1080408,12736220,8,8,0,0,13822196,12100,44520464,528,-384,99600,0,0,0,111988,106444,111988,-5544,36864,0,0,0,0,0,0,0,"2024-08-19 03:30:20,753"
0,-58515320,58515320,5064,1080440,57252616,32,44516392,1080408,12736224,8,8,0,0,13822196,12100,44515468,524,-384,99600,0,0,0,111988,106444,111988,-5544,36864,0,0,0,0,0,0,0,"2024-08-19 03:30:30,755"
0,-58531936,58531936,5068,1080440,57261264,32,44525032,1080408,12736232,8,8,0,0,13822208,12100,44524116,524,-384,99600,0,0,0,111988,106444,111988,-5544,36864,0,0,0,0,0,0,0,"2024-08-19 03:30:40,757"
0,-58547380,58547380,5068,1080440,57258660,32,44522424,1080408,12736236,8,8,0,0,13822216,12100,44521504,528,-384,99600,0,0,0,111988,106444,111988,-5544,36864,0,0,0,0,0,0,0,"2024-08-19 03:30:50,759"
0,-58516960,58516960,5068,1080440,57249772,32,44513528,1080408,12736244,8,8,0,0,13822220,12100,44512616,524,-384,99600,0,0,0,111988,106444,111988,-5544,36864,0,0,0,0,0,0,0,"2024-08-19 03:31:00,760"
0,-58525504,58525504,5068,1080440,57252704,32,44516456,1080408,12736248,8,8,0,0,13822228,12100,44515536,528,-384,99600,0,0,0,111988,106444,111988,-5544,36864,0,0,0,0,0,0,0,"2024-08-19 03:31:10,762"
0,-58528796,58528796,5068,1080440,57251476,32,44515220,1080408,12736256,8,8,0,0,13822236,12100,44514300,528,-384,99600,0,0,0,111988,106444,111988,-5544,36864,0,0,0,0,0,0,0,"2024-08-19 03:31:20,764"
0,-58531092,58531092,5068,1080440,57250844,32,44514584,1080408,12736260,8,8,20,0,13822236,12100,44513676,524,-384,99600,0,0,0,111988,106444,111988,-5544,36864,0,0,0,0,0,0,0,"2024-08-19 03:31:30,766"
0,-58533920,58533920,5068,1080440,57249908,32,44513640,1080408,12736268,8,8,28,0,13822240,12100,44512724,520,-384,99600,0,0,0,111988,106444,111988,-5544,36864,0,0,0,0,0,0,0,"2024-08-19 03:31:40,767"
0,-58518060,58518060,5068,1080440,57253580,32,44517300,1080408,12736280,8,8,32,0,13822252,12100,44516388,520,-384,99600,0,0,0,111988,106444,111988,-5544,36864,0,0,0,0,0,0,0,"2024-08-19 03:31:50,769"
0,-58536488,58536488,5068,1080440,57250004,32,44513716,1080408,12736288,8,8,0,0,13822260,12100,44512800,520,-384,99600,0,0,0,111988,106444,111988,-5544,36864,0,0,0,0,0,0,0,"2024-08-19 03:32:00,770"
0,-58521036,58521036,5068,1080440,57252864,32,44516568,1080408,12736296,8,8,0,0,13822268,12100,44515652,520,-384,99600,0,0,0,111988,106444,111988,-5544,36864,0,0,0,0,0,0,0,"2024-08-19 03:32:10,772"
0,-58521084,58521084,5068,1080440,57248436,32,44512136,1080408,12736300,8,8,20,0,13822272,12100,44511220,520,-384,99600,0,0,0,111988,106444,111988,-5544,36864,0,0,0,0,0,0,0,"2024-08-19 03:32:20,774"
0,-58533136,58533136,5068,1080440,57251624,32,44515316,1080408,12736308,8,8,28,0,13822280,12100,44514400,520,-384,99600,0,0,0,111988,106444,111988,-5544,36864,0,0,0,0,0,0,0,"2024-08-19 03:32:30,775"
0,-58527004,58527004,5068,1080440,57257572,32,44521260,1080408,12736312,8,8,32,0,13822284,12100,44520348,520,-384,99600,0,0,0,111988,106444,111988,-5544,36864,0,0,0,0,0,0,0,"2024-08-19 03:32:40,777"
0,-58530348,58530348,5068,1080440,57252528,32,44516208,1080408,12736320,8,8,0,0,13822292,12100,44515300,520,-384,99600,0,0,0,111988,106444,111988,-5544,36864,0,0,0,0,0,0,0,"2024-08-19 03:32:50,779"
0,-58515560,58515560,5068,1080440,57251400,32,44515076,1080408,12736324,8,8,20,0,13822296,12100,44514168,520,-384,99600,0,0,0,111988,106444,111988,-5544,36864,0,0,0,0,0,0,0,"2024-08-19 03:33:00,781"
0,-58526076,58526076,5068,1080440,57254900,32,44518568,1080408,12736332,8,8,28,0,13822304,12100,44517656,520,-384,99600,0,0,0,111988,106444,111988,-5544,36864,0,0,0,0,0,0,0,"2024-08-19 03:33:10,783"
0,-58522552,58522552,5068,1080440,57258580,32,44522244,1080408,12736336,8,8,32,0,13822308,12100,44521332,520,-384,99600,0,0,0,111988,106444,111988,-5544,36864,0,0,0,0,0,0,0,"2024-08-19 03:33:20,784"
0,-58532040,58532040,5068,1080440,57254464,32,44518120,1080408,12736344,8,8,0,0,13822316,12100,44517204,520,-384,99600,0,0,0,111988,106444,111988,-5544,36864,0,0,0,0,0,0,0,"2024-08-19 03:33:30,786"
0,-58532368,58532368,5068,1080440,57263348,32,44527000,1080408,12736348,8,8,0,0,13822320,12100,44526084,520,-384,99600,0,0,0,111988,106444,111988,-5544,36864,0,0,0,0,0,0,0,"2024-08-19 03:33:40,788"
0,-58521024,58521024,5068,1080440,57249272,32,44512916,1080408,12736356,8,8,0,0,13822328,12100,44512000,520,-384,99600,0,0,0,111988,106444,111988,-5544,36864,0,0,0,0,0,0,0,"2024-08-19 03:33:50,790"
0,-58521508,58521508,5068,1080440,57251368,32,44515008,1080408,12736360,8,8,0,0,13822332,12100,44514096,520,-384,99600,0,0,0,111988,106444,111988,-5544,36864,0,0,0,0,0,0,0,"2024-08-19 03:34:00,792"
0,-58533952,58533952,5068,1080440,57253024,32,44516656,1080408,12736368,8,8,0,0,13822340,12100,44515740,520,-384,99600,0,0,0,111988,106444,111988,-5544,36864,0,0,0,0,0,0,0,"2024-08-19 03:34:10,793"
0,-58530568,58530568,5068,1080440,57255400,32,44519028,1080408,12736372,8,8,0,0,13822344,12100,44518112,520,-384,99600,0,0,0,111988,106444,111988,-5544,36864,0,0,0,0,0,0,0,"2024-08-19 03:34:20,795"
0,-58518084,58518084,5068,1080440,57250336,32,44513956,1080408,12736380,8,8,4,0,13822352,12100,44513048,520,-384,99600,0,0,0,111988,106444,111988,-5544,36864,0,0,0,0,0,0,0,"2024-08-19 03:34:30,797"
0,-58530712,58530712,5068,1080440,57253716,32,44517324,1080408,12736392,8,8,0,0,13822364,12100,44516812,520,-384,99600,0,0,0,111988,106444,111988,-5544,36864,0,0,0,0,0,0,0,"2024-08-19 03:34:40,799"
0,-58543236,58543236,5068,1080440,57259444,32,44523044,1080408,12736400,8,8,0,0,13822372,12100,44522132,520,-384,99600,0,0,0,111988,106444,111988,-5544,36864,0,0,0,0,0,0,0,"2024-08-19 03:34:50,801"
0,-58526108,58526108,5068,1080440,57261376,32,44524972,1080408,12736404,8,8,0,0,13822376,12100,44524060,520,-384,99600,0,0,0,111988,106444,111988,-5544,36864,0,0,0,0,0,0,0,"2024-08-19 03:35:00,802"
0,-58529512,58529512,5068,1080440,57255476,32,44519048,1080408,12736428,8,8,16,0,13822400,12124,44518136,520,-384,99600,0,0,0,111988,106444,111988,-5544,36864,0,0,0,0,0,0,0,"2024-08-19 03:35:10,804"
0,-58534628,58534628,5068,1080440,57252236,32,44515792,1080408,12736444,8,8,0,0,13822416,12124,44514880,520,-384,99600,0,0,0,111988,106444,111988,-5544,36864,0,0,0,0,0,0,0,"2024-08-19 03:35:20,806"
0,-58506244,58506244,5068,1080440,57253036,32,44516588,1080408,12736448,8,8,0,0,13822420,12124,44515672,520,-384,99600,0,0,0,111988,106444,111988,-5544,36864,0,0,0,0,0,0,0,"2024-08-19 03:35:30,807"
0,-58507340,58507340,5068,1080440,57257060,32,44520600,1080408,12736460,8,8,16,0,13822432,12124,44519688,520,-384,99600,0,0,0,111988,106444,111988,-5544,36864,0,0,0,0,0,0,0,"2024-08-19 03:35:40,809"
0,-58521564,58521564,5068,1080440,57253320,32,44516852,1080408,12736468,8,8,0,0,13822440,12128,44515944,520,-384,99600,0,0,0,111988,106444,111988,-5544,36864,0,0,0,0,0,0,0,"2024-08-19 03:35:50,811"
0,-58528224,58528224,5068,1080440,57241984,32,44505508,1080408,12736476,8,8,0,0,13822448,12128,44504596,520,-384,99600,0,0,0,111988,106444,111988,-5544,36864,0,0,0,0,0,0,0,"2024-08-19 03:36:00,813"
0,-58482548,58482548,5068,1080440,57215108,32,44478628,1080408,12736480,8,8,0,0,13822452,12128,44477712,520,-384,99600,0,0,0,111988,106444,111988,-5544,36864,0,0,0,0,0,0,0,"2024-08-19 03:36:10,815"
0,-58472044,58472044,5068,1080440,57194860,32,44458372,1080408,12736488,8,8,0,0,13822460,12128,44457460,520,-384,99600,0,0,0,111988,106444,111988,-5544,36864,0,0,0,0,0,0,0,"2024-08-19 03:36:20,817"
0,-58427632,58427632,5068,1080440,57152524,32,44416032,1080408,12736492,8,8,0,0,13822464,12128,44415116,520,-384,99600,0,0,0,111988,106444,111988,-5544,36864,0,0,0,0,0,0,0,"2024-08-19 03:36:30,819"
0,-58286332,58286332,5068,1080440,57035704,32,44299204,1080408,12736500,8,8,0,0,13822472,12128,44298292,520,-384,99600,0,0,0,111988,106444,111988,-5544,36864,0,0,0,0,0,0,0,"2024-08-19 03:36:40,821"
0,-58213416,58213416,5068,1080440,56941684,32,44205180,1080408,12736504,8,8,0,0,13822480,12128,44204260,524,-384,99600,0,0,0,111988,106444,111988,-5544,36864,0,0,0,0,0,0,0,"2024-08-19 03:36:50,822"
0,-58230408,58230408,5068,1080440,56946204,32,44209692,1080408,12736512,8,8,0,0,13822484,12128,44208780,520,-384,99600,0,0,0,111988,106444,111988,-5544,36864,0,0,0,0,0,0,0,"2024-08-19 03:37:00,824"
0,-58213468,58213468,5068,1080440,56935780,32,44199264,1080408,12736516,8,8,0,0,13822488,12128,44198352,520,-384,99600,0,0,0,111988,106444,111988,-5544,36864,0,0,0,0,0,0,0,"2024-08-19 03:37:10,826"
0,-58225016,58225016,5068,1080440,56938648,32,44202124,1080408,12736524,8,8,0,0,13822500,12128,44201208,524,-384,99600,0,0,0,111988,106444,111988,-5544,36864,0,0,0,0,0,0,0,"2024-08-19 03:37:20,828"
0,-58207900,58207900,5068,1080440,56932236,32,44195708,1080408,12736528,8,8,0,0,13822500,12128,44194792,520,-384,99600,0,0,0,111988,106444,111988,-5544,36864,0,0,0,0,0,0,0,"2024-08-19 03:37:30,829"
0,-58220232,58220232,5068,1080440,56936444,32,44199908,1080408,12736536,8,8,0,0,13822512,12128,44198992,524,-384,99600,0,0,0,111988,106444,111988,-5544,36864,0,0,0,0,0,0,0,"2024-08-19 03:37:40,831"
0,-58221940,58221940,5068,1080440,56941424,32,44204884,1080408,12736540,8,8,0,0,13822516,12128,44203964,524,-384,99600,0,0,0,111988,106444,111988,-5544,36864,0,0,0,0,0,0,0,"2024-08-19 03:37:50,833"
0,-58212524,58212524,5068,1080440,56929496,32,44192948,1080408,12736548,8,8,0,0,13822520,12128,44192036,520,-384,99600,0,0,0,111988,106444,111988,-5544,36864,0,0,0,0,0,0,0,"2024-08-19 03:38:00,835"
0,-58212620,58212620,5068,1080440,56930744,32,44194188,1080408,12736556,8,8,0,0,13822532,12128,44193268,524,-384,99600,0,0,0,111988,106444,111988,-5544,36864,0,0,0,0,0,0,0,"2024-08-19 03:38:10,837"
0,-58248116,58248116,5068,1080440,56974964,32,44238404,1080408,12736560,8,8,0,0,13822532,12128,44237580,520,-384,99604,0,0,0,111988,106444,111988,-5544,36864,0,0,0,0,0,0,0,"2024-08-19 03:38:20,838"
0,-58536352,58536352,5068,1080440,57257784,32,44521216,1080408,12736568,8,8,0,0,13822540,12128,44520304,520,-384,99632,0,0,0,111988,106444,111988,-5544,36864,0,0,0,0,0,0,0,"2024-08-19 03:38:30,840"
0,-58534040,58534040,5068,1080440,57257396,32,44520780,1080408,12736616,8,8,0,0,13822592,12140,44519860,524,-384,99632,0,0,0,111988,106444,111988,-5544,36864,0,0,0,0,0,0,0,"2024-08-19 03:38:40,842"
0,-58536332,58536332,5068,1080440,57259920,32,44523296,1080408,12736624,8,8,0,0,13822604,12140,44522376,528,-384,99632,0,0,0,111988,106444,111988,-5544,36864,0,0,0,0,0,0,0,"2024-08-19 03:38:50,843"
0,-58501812,58501812,5068,1080440,57254000,32,44517372,1080408,12736628,8,8,0,0,13822604,12140,44516456,524,-384,99632,0,0,0,111988,106444,111988,-5544,36864,0,0,0,0,0,0,0,"2024-08-19 03:39:00,845"
0,-58532744,58532744,5068,1080440,57264372,32,44527304,1080408,12737068,8,8,0,0,13823048,12244,44526384,528,-384,99632,0,0,0,111988,106436,111988,-5552,36864,0,0,0,0,0,0,0,"2024-08-19 03:39:10,847"
0,-58545728,58545728,5068,1080440,57257136,32,44520064,1080408,12737072,8,8,0,0,13823048,12244,44519148,524,-384,99632,0,0,0,111988,106436,111988,-5552,36864,0,0,0,0,0,0,0,"2024-08-19 03:39:20,848"
0,-58557012,58557012,5068,1080564,57267628,76,44519008,1080488,12748620,8,8,192,0,13834324,12344,44518140,524,-384,99632,0,0,0,111956,106404,111956,-5552,36864,0,0,0,0,0,0,0,"2024-08-19 03:39:30,850"
0,-58532484,58532484,5068,1080564,57268616,76,44519936,1080488,12748680,8,8,20,0,13834736,12344,44519068,524,-384,99632,0,0,0,111956,106404,111956,-5552,36864,0,0,0,0,0,0,0,"2024-08-19 03:39:40,852"
0,-58532504,58532504,5068,1080564,57267072,76,44518376,1080488,12748696,8,8,72,0,13834752,12344,44517508,524,-384,99632,0,0,0,111956,106404,111956,-5552,36864,0,0,0,0,0,0,0,"2024-08-19 03:39:50,853"
0,-58557068,58557068,5076,1080564,57269004,76,44520244,1080488,12748760,8,8,20,0,13834840,12364,44519356,540,-384,99632,0,0,0,111956,106404,111956,-5552,36864,0,0,0,0,0,0,0,"2024-08-19 03:40:00,866"
0,-58545536,58545536,5076,1080564,57270816,76,44522048,1080488,12748768,8,8,28,0,13834848,12364,44521164,540,-384,99632,0,0,0,111956,106404,111956,-5552,36864,0,0,0,0,0,0,0,"2024-08-19 03:40:10,868"
0,-58540284,58540284,5076,1080564,57270916,76,44522144,1080488,12748772,8,8,32,0,13834852,12364,44521260,540,-384,99632,0,0,0,111956,106404,111956,-5552,36864,0,0,0,0,0,0,0,"2024-08-19 03:40:20,869"
0,-58539912,58539912,5076,1080564,57268124,76,44519344,1080488,12748780,8,8,0,0,13834860,12364,44518460,540,-384,99632,0,0,0,111956,106404,111956,-5552,36864,0,0,0,0,0,0,0,"2024-08-19 03:40:30,871"
0,-58551004,58551004,5076,1080608,57269308,76,44520568,1080532,12748740,8,8,20,0,13834864,12364,44519684,540,-384,99632,0,0,0,111956,106404,111956,-5552,36864,0,0,0,0,0,0,0,"2024-08-19 03:40:40,873"
0,-58544496,58544496,5076,1080608,57267076,76,44518328,1080532,12748748,8,8,0,0,13834872,12364,44517444,540,-384,99632,0,0,0,111956,106404,111956,-5552,36864,0,0,0,0,0,0,0,"2024-08-19 03:40:50,874"
0,-58560608,58560608,5076,1080608,57271072,76,44522316,1080532,12748756,8,8,24,0,13834880,12364,44521432,540,-384,99632,0,0,0,111956,106404,111956,-5552,36864,0,0,0,0,0,0,0,"2024-08-19 03:41:00,876"
0,-58537444,58537444,5076,1080608,57269344,76,44520584,1080532,12748760,8,8,28,0,13834884,12364,44519700,540,-384,99632,0,0,0,111956,106404,111956,-5552,36864,0,0,0,0,0,0,0,"2024-08-19 03:41:10,878"
0,-58545244,58545244,5076,1080608,57278248,76,44529480,1080532,12748768,8,8,36,0,13834892,12364,44528592,540,-384,99632,0,0,0,111956,106404,111956,-5552,36864,0,0,0,0,0,0,0,"2024-08-19 03:41:20,880"
0,-58550776,58550776,5076,1080608,57270260,76,44521488,1080532,12748772,8,8,0,0,13834896,12364,44520604,540,-384,99632,0,0,0,111956,106404,111956,-5552,36864,0,0,0,0,0,0,0,"2024-08-19 03:41:30,881"
0,-58544736,58544736,5076,1080608,57272576,76,44523796,1080532,12748780,8,8,0,0,13834904,12364,44522912,540,-384,99632,0,0,0,111956,106404,111956,-5552,36864,0,0,0,0,0,0,0,"2024-08-19 03:41:40,883"
0,-58569228,58569228,5076,1080608,57283460,76,44534676,1080532,12748784,8,8,20,0,13834908,12364,44533788,540,-384,99632,0,0,0,111956,106404,111956,-5552,36864,0,0,0,0,0,0,0,"2024-08-19 03:41:50,885"
0,-58532064,58532064,5076,1080608,57254732,76,44505940,1080532,12748792,8,8,28,0,13834916,12364,44505056,540,-384,99632,0,0,0,111956,106404,111956,-5552,36864,0,0,0,0,0,0,0,"2024-08-19 03:42:00,887"
0,-58547352,58547352,5076,1080608,57265688,76,44516892,1080532,12748796,8,8,0,0,13834920,12364,44516008,540,-384,99632,0,0,0,111956,106404,111956,-5552,36864,0,0,0,0,0,0,0,"2024-08-19 03:42:10,889"
0,-58521396,58521396,5076,1080608,57254912,76,44506108,1080532,12748804,8,8,0,0,13834928,12364,44505224,540,-384,99632,0,0,0,111956,106404,111956,-5552,36864,0,0,0,0,0,0,0,"2024-08-19 03:42:20,890"
0,-58547572,58547572,5076,1080608,57264360,76,44515552,1080532,12748808,8,8,20,0,13834932,12364,44514668,540,-384,99632,0,0,0,111956,106404,111956,-5552,36864,0,0,0,0,0,0,0,"2024-08-19 03:42:30,892"
0,-58531432,58531432,5076,1080608,57259964,76,44511148,1080532,12748816,8,8,28,0,13834940,12364,44510264,540,-384,99632,0,0,0,111956,106404,111956,-5552,36864,0,0,0,0,0,0,0,"2024-08-19 03:42:40,894"
0,-58532572,58532572,5076,1080608,57264564,76,44515744,1080532,12748820,8,8,32,0,13834944,12364,44514860,540,-384,99632,0,0,0,111956,106404,111956,-5552,36864,0,0,0,0,0,0,0,"2024-08-19 03:42:50,896"
0,-58527460,58527460,5076,1080608,57257380,76,44508552,1080532,12748828,8,8,0,0,13834952,12364,44507668,540,-384,99632,0,0,0,111956,106404,111956,-5552,36864,0,0,0,0,0,0,0,"2024-08-19 03:43:00,897"
0,-58541988,58541988,5076,1080608,57261476,76,44512644,1080532,12748832,8,8,20,0,13834956,12364,44511756,540,-384,99632,0,0,0,111956,106404,111956,-5552,36864,0,0,0,0,0,0,0,"2024-08-19 03:43:10,899"
0,-58540792,58540792,5076,1080608,57259040,76,44510200,1080532,12748840,8,8,28,0,13834964,12364,44509316,540,-384,99632,0,0,0,111956,106404,111956,-5552,36864,0,0,0,0,0,0,0,"2024-08-19 03:43:20,901"
0,-58531916,58531916,5076,1080608,57259056,76,44510208,1080532,12748848,8,8,36,0,13834972,12364,44509324,540,-384,99632,0,0,0,111956,106404,111956,-5552,36864,0,0,0,0,0,0,0,"2024-08-19 03:43:30,903"
0,-58534420,58534420,5076,1080608,57263108,76,44514256,1080532,12748852,8,8,0,0,13834976,12364,44513372,540,-384,99632,0,0,0,111956,106404,111956,-5552,36864,0,0,0,0,0,0,0,"2024-08-19 03:43:40,905"
0,-58521128,58521128,5076,1080608,57258576,76,44509716,1080532,12748860,8,8,24,0,13834984,12364,44508832,540,-384,99632,0,0,0,111956,106404,111956,-5552,36864,0,0,0,0,0,0,0,"2024-08-19 03:43:50,906"
0,-58529260,58529260,5076,1080608,57260096,76,44511216,1080532,12748880,8,8,28,0,13835008,12372,44510324,544,-384,99632,0,0,0,111956,106404,111956,-5552,36864,0,0,0,0,0,0,0,"2024-08-19 03:44:00,908"
0,-58545148,58545148,5076,1080608,57263460,76,44514572,1080532,12748888,8,8,36,0,13835016,12372,44513684,544,-384,99632,0,0,0,111956,106404,111956,-5552,36864,0,0,0,0,0,0,0,"2024-08-19 03:44:10,910"
0,-58547156,58547156,5076,1080608,57255840,76,44506948,1080532,12748892,8,8,0,0,13835020,12372,44506060,544,-384,99632,0,0,0,111956,106404,111956,-5552,36864,0,0,0,0,0,0,0,"2024-08-19 03:44:20,911"
0,-58540504,58540504,5076,1080608,57266340,76,44517440,1080532,12748900,8,8,24,0,13835028,12372,44516552,544,-384,99632,0,0,0,111956,106404,111956,-5552,36864,0,0,0,0,0,0,0,"2024-08-19 03:44:30,913"
0,-58527564,58527564,5076,1080612,57257040,76,44507436,1080536,12749604,8,8,172,0,13835736,12844,44506548,544,-384,99632,0,0,0,111956,106404,111956,-5552,36864,0,0,0,0,0,0,0,"2024-08-19 03:44:40,915"
0,-58533488,58533488,5076,1080612,57259992,76,44510356,1080536,12749636,8,8,28,0,13835768,12852,44509472,544,-400,99632,0,0,0,111956,106404,111956,-5552,36864,0,0,0,0,0,0,0,"2024-08-19 03:44:50,917"
0,-58524116,58524116,5076,1080612,57259760,76,44510120,1080536,12749640,8,8,28,0,13835772,12852,44509236,544,-400,99632,0,0,0,111956,106404,111956,-5552,36864,0,0,0,0,0,0,0,"2024-08-19 03:45:00,919"
0,-58539220,58539220,5076,1080628,57264120,76,44514480,1080552,12749640,8,8,52,0,13835788,12856,44513596,544,-400,99632,0,0,0,111956,106404,111956,-5552,36864,0,0,0,0,0,0,0,"2024-08-19 03:45:10,920"
0,-58518376,58518376,5076,1080628,57257932,76,44508280,1080552,12749652,8,8,0,0,13835800,12856,44507396,544,-400,99632,0,0,0,111956,106404,111956,-5552,36864,0,0,0,0,0,0,0,"2024-08-19 03:45:20,922"
0,-58556880,58556880,5076,1080628,57270160,76,44520388,1080552,12749772,8,8,24,0,13835948,12928,44519476,572,-400,99632,0,0,0,111956,106404,111956,-5552,36864,0,0,0,0,0,0,0,"2024-08-19 03:45:30,924"
0,-58533508,58533508,5076,1080628,57256900,76,44507124,1080552,12749776,8,8,28,0,13835952,12928,44506212,572,-400,99632,0,0,0,111956,106404,111956,-5552,36864,0,0,0,0,0,0,0,"2024-08-19 03:45:40,925"
0,-58514300,58514300,5076,1080628,57258780,76,44508996,1080552,12749784,8,8,36,0,13835960,12928,44508084,572,-400,99632,0,0,0,111956,106404,111956,-5552,36864,0,0,0,0,0,0,0,"2024-08-19 03:45:50,927"
0,-58535884,58535884,5076,1080628,57259776,76,44509980,1080552,12749796,8,8,0,0,13835972,12932,44509064,572,-400,99632,0,0,0,111956,106404,111956,-5552,36864,0,0,0,0,0,0,0,"2024-08-19 03:46:00,929"
0,-58518668,58518668,5076,1080628,57259204,76,44509400,1080552,12749804,8,8,24,0,13835980,12932,44508484,572,-400,99632,0,0,0,111956,106404,111956,-5552,36864,0,0,0,0,0,0,0,"2024-08-19 03:46:10,930"
0,-58523136,58523136,5076,1080628,57264792,76,44514980,1080552,12749812,8,8,104,0,13835988,12932,44514068,572,-400,99632,0,0,0,111956,106404,111956,-5552,36864,0,0,0,0,0,0,0,"2024-08-19 03:46:20,931"
0,-58522460,58522460,5076,1080628,57258496,76,44508648,1080552,12749848,8,8,36,0,13836024,12952,44507736,572,-400,99632,0,0,0,111956,106404,111956,-5552,36864,0,0,0,0,0,0,0,"2024-08-19 03:46:30,933"
0,-58547220,58547220,5076,1080628,57262084,76,44512216,1080552,12749868,8,8,0,0,13836044,12956,44511300,572,-400,99632,0,0,0,111956,106404,111956,-5552,36864,0,0,0,0,0,0,0,"2024-08-19 03:46:40,950"
0,-58527864,58527864,5076,1080628,57255496,76,44505624,1080552,12749872,8,8,20,0,13836048,12956,44504712,572,-400,99632,0,0,0,111956,106404,111956,-5552,36864,0,0,0,0,0,0,0,"2024-08-19 03:46:50,952"
0,-58542088,58542088,5076,1080628,57266688,76,44516808,1080552,12749880,8,8,28,0,13836056,12956,44515896,572,-400,99632,0,0,0,111956,106404,111956,-5552,36864,0,0,0,0,0,0,0,"2024-08-19 03:47:00,953"
0,-58523664,58523664,5076,1080628,57255144,76,44505260,1080552,12749884,8,8,32,0,13836060,12956,44504348,572,-400,99632,0,0,0,111956,106404,111956,-5552,36864,0,0,0,0,0,0,0,"2024-08-19 03:47:10,955"
0,-58545688,58545688,5076,1080628,57260112,76,44510220,1080552,12749892,8,8,0,0,13836068,12956,44509308,572,-400,99632,0,0,0,111956,106404,111956,-5552,36864,0,0,0,0,0,0,0,"2024-08-19 03:47:20,956"
0,-58524524,58524524,5076,1080628,57259296,76,44509400,1080552,12749896,8,8,20,0,13836072,12956,44508492,572,-400,99632,0,0,0,111956,106404,111956,-5552,36864,0,0,0,0,0,0,0,"2024-08-19 03:47:30,958"
0,-58523396,58523396,5076,1080628,57259736,76,44509832,1080552,12749904,8,8,28,0,13836080,12956,44508920,572,-400,99632,0,0,0,111956,106400,111956,-5556,36864,0,0,0,0,0,0,0,"2024-08-19 03:47:40,959"
0,-58537864,58537864,5076,1080628,57263272,76,44513364,1080552,12749908,8,8,32,0,13836084,12956,44512452,572,-400,99632,0,0,0,111956,106400,111956,-5556,36864,0,0,0,0,0,0,0,"2024-08-19 03:47:50,961"
0,-58530848,58530848,5076,1080628,57259784,76,44509868,1080552,12749916,8,8,0,0,13836092,12956,44508956,572,-400,99632,0,0,0,111956,106400,111956,-5556,36864,0,0,0,0,0,0,0,"2024-08-19 03:48:00,963"
0,-58532264,58532264,5076,1080628,57264452,76,44514532,1080552,12749920,8,8,20,0,13836096,12956,44513620,572,-400,99632,0,0,0,111956,106400,111956,-5556,36864,0,0,0,0,0,0,0,"2024-08-19 03:48:10,965"
0,-58556880,58556880,5076,1080628,57262480,76,44512552,1080552,12749928,8,8,0,0,13836104,12956,44511640,572,-400,99632,0,0,0,111956,106400,111956,-5556,36864,0,0,0,0,0,0,0,"2024-08-19 03:48:20,967"
0,-58533776,58533776,5076,1080628,57262284,76,44512352,1080552,12749932,8,8,20,0,13836108,12956,44511440,572,-400,99632,0,0,0,111956,106400,111956,-5556,36864,0,0,0,0,0,0,0,"2024-08-19 03:48:30,968"
0,-58526352,58526352,5076,1080628,57262588,76,44512648,1080552,12749940,8,8,28,0,13836116,12956,44511732,572,-400,99632,0,0,0,111956,106400,111956,-5556,36864,0,0,0,0,0,0,0,"2024-08-19 03:48:40,970"
0,-58546228,58546228,5076,1080640,57264400,76,44514468,1080564,12749932,8,8,0,0,13836120,12956,44513556,572,-400,99632,0,0,0,111956,106400,111956,-5556,36864,0,0,0,0,0,0,0,"2024-08-19 03:48:50,972"
0,-58535784,58535784,5076,1080640,57274664,76,44524724,1080564,12749940,8,8,24,0,13836128,12956,44523812,572,-400,99632,0,0,0,111956,106400,111956,-5556,36864,0,0,0,0,0,0,0,"2024-08-19 03:49:00,973"
0,-58519672,58519672,5076,1080640,57256836,76,44506888,1080564,12749948,8,8,32,0,13836136,12956,44505976,572,-400,99632,0,0,0,111956,106400,111956,-5556,36864,0,0,0,0,0,0,0,"2024-08-19 03:49:10,975"
0,-58542688,58542688,5076,1080640,57261156,76,44511204,1080564,12749952,8,8,36,0,13836140,12956,44510292,572,-400,99632,0,0,0,111956,106400,111956,-5556,36864,0,0,0,0,0,0,0,"2024-08-19 03:49:20,977"
0,-58548292,58548292,5076,1080640,57267112,76,44517152,1080564,12749960,8,8,0,0,13836148,12956,44516240,572,-400,99632,0,0,0,111956,106400,111956,-5556,36864,0,0,0,0,0,0,0,"2024-08-19 03:49:30,979"
0,-58526780,58526780,5076,1080640,57265300,76,44515332,1080564,12749968,8,8,24,0,13836156,12956,44514420,572,-400,99632,0,0,0,111956,106400,111956,-5556,36864,0,0,0,0,0,0,0,"2024-08-19 03:49:40,981"
0,-58541976,58541976,5076,1080640,57265128,76,44515152,1080564,12749976,8,8,28,0,13836164,12956,44514240,572,-400,99632,0,0,0,111956,106400,111956,-5556,36864,0,0,0,0,0,0,0,"2024-08-19 03:49:50,982"
0,-58536888,58536888,5076,1080640,57262428,76,44512448,1080564,12749980,8,8,0,0,13836168,12956,44511536,572,-400,99632,0,0,0,111956,106400,111956,-5556,36864,0,0,0,0,0,0,0,"2024-08-19 03:50:00,984"
0,-58560548,58560548,5076,1080640,57261288,76,44511300,1080564,12749988,8,8,0,0,13836176,12956,44510388,572,-400,99632,0,0,0,111956,106400,111956,-5556,36864,0,0,0,0,0,0,0,"2024-08-19 03:50:10,988"
0,-58542216,58542216,5076,1080640,57259408,76,44509404,1080564,12750004,8,8,20,0,13836192,12956,44508492,572,-400,99632,0,0,0,111956,106400,111956,-5556,36864,0,0,0,0,0,0,0,"2024-08-19 03:50:20,990"
0,-58534020,58534020,5076,1080640,57268300,76,44518288,1080564,12750012,8,8,28,0,13836216,12956,44517360,588,-400,99632,0,0,0,111956,106400,111956,-5556,36864,0,0,0,0,0,0,0,"2024-08-19 03:50:30,991"
0,-58532424,58532424,5076,1080640,57258732,76,44508716,1080564,12750016,8,8,32,0,13836204,12956,44507804,572,-400,99632,0,0,0,111956,106400,111956,-5556,36864,0,0,0,0,0,0,0,"2024-08-19 03:50:40,993"
0,-58545092,58545092,5076,1080640,57260432,76,44510408,1080564,12750024,8,8,0,0,13836212,12956,44509496,572,-400,99632,0,0,0,111956,106400,111956,-5556,36864,0,0,0,0,0,0,0,"2024-08-19 03:50:50,995"
0,-58554716,58554716,5076,1080640,57266436,76,44516408,1080564,12750028,8,8,20,0,13836216,12956,44515496,572,-400,99632,0,0,0,111956,106400,111956,-5556,36864,0,0,0,0,0,0,0,"2024-08-19 03:51:00,997"
0,-58528564,58528564,5076,1080640,57261988,76,44511952,1080564,12750036,8,8,0,0,13836240,12956,44511024,588,-400,99632,0,0,0,111956,106400,111956,-5556,36864,0,0,0,0,0,0,0,"2024-08-19 03:51:10,999"
0,-58535520,58535520,5076,1080640,57258208,76,44508168,1080564,12750040,8,8,20,0,13836244,12956,44507240,588,-400,99632,0,0,0,111956,106400,111956,-5556,36864,0,0,0,0,0,0,0,"2024-08-19 03:51:21,000"
0,-58534436,58534436,5076,1080640,57264040,76,44513992,1080564,12750048,8,8,0,0,13836252,12956,44513064,588,-400,99632,0,0,0,111956,106400,111956,-5556,36864,0,0,0,0,0,0,0,"2024-08-19 03:51:31,002"
0,-58544032,58544032,5076,1080640,57269384,76,44519332,1080564,12750052,8,8,20,0,13836240,12956,44518420,572,-400,99632,0,0,0,111956,106400,111956,-5556,36864,0,0,0,0,0,0,0,"2024-08-19 03:51:41,004"
0,-58548404,58548404,5076,1080640,57271052,76,44520992,1080564,12750060,8,8,28,0,13836248,12956,44520080,572,-400,99632,0,0,0,111956,106400,111956,-5556,36864,0,0,0,0,0,0,0,"2024-08-19 03:51:51,006"
0,-58543364,58543364,5076,1080640,57267872,76,44517804,1080564,12750068,8,8,36,0,13836264,12956,44516884,580,-400,99632,0,0,0,111956,106400,111956,-5556,36864,0,0,0,0,0,0,0,"2024-08-19 03:52:01,007"
0,-58541132,58541132,5076,1080640,57264956,76,44514884,1080564,12750072,8,8,0,0,13836276,12956,44513956,588,-400,99632,0,0,0,111956,106400,111956,-5556,36864,0,0,0,0,0,0,0,"2024-08-19 03:52:11,008"
0,-58531928,58531928,5076,1080640,57260272,76,44510192,1080564,12750080,8,8,24,0,13836284,12956,44509264,588,-400,99632,0,0,0,111956,106400,111956,-5556,36864,0,0,0,0,0,0,0,"2024-08-19 03:52:21,010"
0,-58542776,58542776,5076,1080640,57267344,76,44517260,1080564,12750084,8,8,28,0,13836288,12956,44516332,588,-400,99632,0,0,0,111956,106400,111956,-5556,36864,0,0,0,0,0,0,0,"2024-08-19 03:52:31,012"
0,-58554364,58554364,5076,1080640,57279700,76,44529608,1080564,12750092,8,8,36,0,13836280,12956,44528696,572,-400,99632,0,0,0,111956,106400,111956,-5556,36864,0,0,0,0,0,0,0,"2024-08-19 03:52:41,014"
0,-58538560,58538560,5076,1080640,57266204,76,44516108,1080564,12750096,8,8,0,0,13836284,12956,44515196,572,-400,99632,0,0,0,111956,106400,111956,-5556,36864,0,0,0,0,0,0,0,"2024-08-19 03:52:51,015"
0,-58552808,58552808,5076,1080640,57273528,76,44523424,1080564,12750104,8,8,24,0,13836292,12956,44522512,572,-400,99632,0,0,0,111956,106400,111956,-5556,36864,0,0,0,0,0,0,0,"2024-08-19 03:53:01,017"
0,-58550556,58550556,5076,1080640,57269164,76,44519056,1080564,12750108,8,8,28,0,13836296,12956,44518144,572,-400,99632,0,0,0,111956,106400,111956,-5556,36864,0,0,0,0,0,0,0,"2024-08-19 03:53:11,019"
0,-58522148,58522148,5076,1080640,57267140,76,44517024,1080564,12750116,8,8,36,0,13836316,12956,44516100,584,-400,99632,0,0,0,111956,106400,111956,-5556,36864,0,0,0,0,0,0,0,"2024-08-19 03:53:21,020"
0,-58517056,58517056,5076,1080640,57254916,76,44504796,1080564,12750120,8,8,0,0,13836320,12956,44503872,584,-400,99644,0,0,0,111956,106400,111956,-5556,36864,0,0,0,0,0,0,0,"2024-08-19 03:53:31,022"
0,-58531644,58531644,5076,1080640,57251216,76,44501088,1080564,12750128,8,8,0,0,13836316,12956,44500176,572,-400,99644,0,0,0,111956,106400,111956,-5556,36864,0,0,0,0,0,0,0,"2024-08-19 03:53:41,023"
0,-58543556,58543556,5076,1080640,57254360,76,44504228,1080564,12750132,8,8,20,0,13836320,12956,44503316,572,-400,99644,0,0,0,111956,106400,111956,-5556,36864,0,0,0,0,0,0,0,"2024-08-19 03:53:51,025"
0,-58550676,58550676,5076,1080640,57261600,76,44511460,1080564,12750140,8,8,28,0,13836328,12956,44510548,572,-400,99644,0,0,0,111956,106400,111956,-5556,36864,0,0,0,0,0,0,0,"2024-08-19 03:54:01,027"
0,-58529748,58529748,5076,1080640,57263088,76,44512944,1080564,12750144,8,8,32,0,13836332,12956,44512032,572,-400,99644,0,0,0,111956,106400,111956,-5556,36864,0,0,0,0,0,0,0,"2024-08-19 03:54:11,028"
0,-58542360,58542360,5076,1080640,57258352,76,44508200,1080564,12750152,8,8,0,0,13836340,12956,44507288,572,-400,99644,0,0,0,111956,106400,111956,-5556,36864,0,0,0,0,0,0,0,"2024-08-19 03:54:21,030"
0,-58532556,58532556,5076,1080640,57261844,76,44511684,1080564,12750160,8,8,24,0,13836348,12956,44510772,572,-400,99644,0,0,0,111956,106400,111956,-5556,36864,0,0,0,0,0,0,0,"2024-08-19 03:54:31,031"
0,-58546244,58546244,5076,1080640,57258676,76,44508512,1080564,12750164,8,8,28,0,13836352,12956,44507600,572,-400,99644,0,0,0,111956,106400,111956,-5556,36864,0,0,0,0,0,0,0,"2024-08-19 03:54:41,033"
0,-58530368,58530368,5076,1080640,57266968,76,44516796,1080564,12750172,8,8,36,0,13836360,12956,44515884,572,-400,99644,0,0,0,111956,106400,111956,-5556,36864,0,0,0,0,0,0,0,"2024-08-19 03:54:51,035"
0,-58534132,58534132,5076,1080640,57259612,76,44509436,1080564,12750176,8,8,0,0,13836364,12956,44508524,572,-400,99644,0,0,0,111956,106400,111956,-5556,36864,0,0,0,0,0,0,0,"2024-08-19 03:55:01,037"
0,-58506360,58506360,5076,1080640,57262636,76,44512452,1080564,12750184,8,8,44,0,13836372,12956,44511540,572,-400,99644,0,0,0,111956,106400,111956,-5556,36864,0,0,0,0,0,0,0,"2024-08-19 03:55:11,038"
0,-58536504,58536504,5076,1080640,57259212,76,44509024,1080564,12750188,8,8,48,0,13836376,12956,44508112,572,-400,99644,0,0,0,111956,106400,111956,-5556,36864,0,0,0,0,0,0,0,"2024-08-19 03:55:21,040"
0,-58520832,58520832,5076,1080640,57263852,76,44513640,1080564,12750212,8,8,56,0,13836400,12956,44512728,572,-400,99644,0,0,0,111956,106400,111956,-5556,36864,0,0,0,0,0,0,0,"2024-08-19 03:55:31,042"
0,-58561600,58561600,5076,1080640,57269764,76,44519548,1080564,12750216,8,8,0,0,13836404,12956,44518632,572,-400,99644,0,0,0,111956,106400,111956,-5556,36864,0,0,0,0,0,0,0,"2024-08-19 03:55:41,044"
0,-58536584,58536584,5076,1080640,57261100,76,44510876,1080564,12750224,8,8,24,0,13836412,12956,44509964,572,-400,99644,0,0,0,111956,106400,111956,-5556,36864,0,0,0,0,0,0,0,"2024-08-19 03:55:51,046"
0,-58544620,58544620,5076,1080640,57261512,76,44511284,1080564,12750228,8,8,0,0,13836416,12956,44510372,572,-400,99644,0,0,0,111956,106400,111956,-5556,36864,0,0,0,0,0,0,0,"2024-08-19 03:56:01,047"
0,-58527920,58527920,5076,1080640,57255232,76,44504996,1080564,12750236,8,8,108,0,13836424,12956,44504084,572,-400,99644,0,0,0,111956,106400,111956,-5556,36864,0,0,0,0,0,0,0,"2024-08-19 03:56:11,049"
0,-58502892,58502892,5076,1080640,57255236,76,44504988,1080564,12750248,8,8,112,0,13836436,12956,44504076,572,-400,99644,0,0,0,111956,106400,111956,-5556,36864,0,0,0,0,0,0,0,"2024-08-19 03:56:21,051"
0,-58515388,58515388,5076,1080640,57255964,76,44505708,1080564,12750256,8,8,120,0,13836444,12956,44504796,572,-400,99644,0,0,0,111956,106400,111956,-5556,36864,0,0,0,0,0,0,0,"2024-08-19 03:56:31,053"
0,-58530216,58530216,5076,1080640,57261308,76,44511048,1080564,12750260,8,8,0,0,13836448,12956,44510136,572,-400,99644,0,0,0,111956,106400,111956,-5556,36864,0,0,0,0,0,0,0,"2024-08-19 03:56:41,055"
0,-58517672,58517672,5076,1080640,57257216,76,44506948,1080564,12750268,8,8,24,0,13836456,12956,44506036,572,-400,99644,0,0,0,111956,106400,111956,-5556,36864,0,0,0,0,0,0,0,"2024-08-19 03:56:51,056"
0,-58538856,58538856,5076,1080640,57257604,76,44507328,1080564,12750276,8,8,0,0,13836464,12956,44506416,572,-400,99644,0,0,0,111956,106400,111956,-5556,36864,0,0,0,0,0,0,0,"2024-08-19 03:57:01,058"
0,-58546468,58546468,5076,1080640,57273704,76,44523424,1080564,12750280,8,8,20,0,13836480,12956,44522500,584,-400,99644,0,0,0,111956,106400,111956,-5556,36864,0,0,0,0,0,0,0,"2024-08-19 03:57:11,060"
0,-58521704,58521704,5076,1080640,57259216,76,44508928,1080564,12750288,8,8,28,0,13836488,12956,44508000,584,-400,99644,0,0,0,111956,106400,111956,-5556,36864,0,0,0,0,0,0,0,"2024-08-19 03:57:21,062"
0,-58539264,58539264,5076,1080640,57261636,76,44511344,1080564,12750292,8,8,32,0,13836492,12956,44510420,584,-400,99644,0,0,0,111956,106400,111956,-5556,36864,0,0,0,0,0,0,0,"2024-08-19 03:57:31,063"
0,-58518740,58518740,5076,1080640,57257480,76,44507180,1080564,12750300,8,8,0,0,13836488,12956,44506268,572,-400,99644,0,0,0,111956,106400,111956,-5556,36864,0,0,0,0,0,0,0,"2024-08-19 03:57:41,065"
0,-58526140,58526140,5076,1080640,57259300,76,44508996,1080564,12750304,8,8,20,0,13836492,12956,44508084,572,-400,99644,0,0,0,111956,106400,111956,-5556,36864,0,0,0,0,0,0,0,"2024-08-19 03:57:51,067"
0,-58529224,58529224,5076,1080640,57259876,76,44509564,1080564,12750312,8,8,28,0,13836500,12956,44508652,572,-400,99644,0,0,0,111956,106400,111956,-5556,36864,0,0,0,0,0,0,0,"2024-08-19 03:58:01,069"
0,-58544816,58544816,5076,1080640,57260512,76,44510196,1080564,12750316,8,8,0,0,13836504,12956,44509284,572,-400,99644,0,0,0,111956,106400,111956,-5556,36864,0,0,0,0,0,0,0,"2024-08-19 03:58:11,070"
0,-58553676,58553676,5076,1080640,57269436,76,44519112,1080564,12750324,8,8,0,0,13836512,12956,44518200,572,-400,99644,0,0,0,111956,106400,111956,-5556,36864,0,0,0,0,0,0,0,"2024-08-19 03:58:21,072"
0,-58527964,58527964,5076,1080640,57261508,76,44511180,1080564,12750328,8,8,20,0,13836516,12956,44510268,572,-400,99644,0,0,0,111956,106400,111956,-5556,36864,0,0,0,0,0,0,0,"2024-08-19 03:58:31,074"
0,-58564740,58564740,5076,1080640,57266396,76,44516060,1080564,12750336,8,8,28,0,13836524,12956,44515148,572,-400,99644,0,0,0,111956,106400,111956,-5556,36864,0,0,0,0,0,0,0,"2024-08-19 03:58:41,075"
0,-58544952,58544952,5076,1080640,57265208,76,44514868,1080564,12750340,8,8,32,0,13836528,12956,44513956,572,-400,99644,0,0,0,111956,106400,111956,-5556,36864,0,0,0,0,0,0,0,"2024-08-19 03:58:51,077"
0,-58525516,58525516,5076,1080640,57266064,76,44515716,1080564,12750348,8,8,0,0,13836544,12956,44514796,580,-400,99644,0,0,0,111956,106400,111956,-5556,36864,0,0,0,0,0,0,0,"2024-08-19 03:59:01,079"
0,-58544380,58544380,5076,1080640,57265736,76,44515384,1080564,12750352,8,8,20,0,13836548,12956,44514464,580,-400,99644,0,0,0,111956,106400,111956,-5556,36864,0,0,0,0,0,0,0,"2024-08-19 03:59:11,081"
0,-58535088,58535088,5076,1080640,57258476,76,44508116,1080564,12750360,8,8,28,0,13836556,12956,44507200,580,-400,99644,0,0,0,111956,106400,111956,-5556,36864,0,0,0,0,0,0,0,"2024-08-19 03:59:21,082"
0,-58549368,58549368,5076,1080640,57257460,76,44507096,1080564,12750364,8,8,0,0,13836560,12956,44506176,580,-400,99644,0,0,0,111956,106400,111956,-5556,36864,0,0,0,0,0,0,0,"2024-08-19 03:59:31,084"
0,-58521640,58521640,5076,1080640,57260092,76,44509720,1080564,12750372,8,8,24,0,13836560,12956,44508804,572,-400,99644,0,0,0,111956,106400,111956,-5556,36864,0,0,0,0,0,0,0,"2024-08-19 03:59:41,086"
0,-58522008,58522008,5076,1080640,57254844,76,44504464,1080564,12750380,8,8,32,0,13836568,12956,44503556,572,-400,99644,0,0,0,111956,106400,111956,-5556,36864,0,0,0,0,0,0,0,"2024-08-19 03:59:51,088"
0,-58527712,58527712,5076,1080640,57254176,76,44503792,1080564,12750384,8,8,36,0,13836572,12956,44502880,572,-400,99644,0,0,0,111956,106400,111956,-5556,36864,0,0,0,0,0,0,0,"2024-08-19 04:00:01,090"
0,-58513604,58513604,5076,1080640,57256156,76,44505764,1080564,12750392,8,8,4,0,13836580,12956,44504848,572,-400,99644,0,0,0,111956,106400,111956,-5556,36864,0,0,0,0,0,0,0,"2024-08-19 04:00:11,091"
0,-58556428,58556428,5076,1080640,57261308,76,44510912,1080564,12750396,8,8,24,0,13836584,12956,44510000,572,-400,99644,0,0,0,111956,106400,111956,-5556,36864,0,0,0,0,0,0,0,"2024-08-19 04:00:21,093"
0,-58548704,58548704,5076,1080640,57258404,76,44507992,1080564,12750412,8,8,32,0,13836604,12956,44507072,576,-400,99644,0,0,0,111956,106400,111956,-5556,36864,0,0,0,0,0,0,0,"2024-08-19 04:00:31,095"
0,-58532212,58532212,5076,1080640,57254908,76,44504492,1080564,12750416,8,8,0,0,13836604,12956,44503580,572,-400,99644,0,0,0,111956,106400,111956,-5556,36864,0,0,0,0,0,0,0,"2024-08-19 04:00:41,097"
0,-58525328,58525328,5076,1080640,57256028,76,44505604,1080564,12750424,8,8,24,0,13836612,12956,44504692,572,-400,99644,0,0,0,111956,106400,111956,-5556,36864,0,0,0,0,0,0,0,"2024-08-19 04:00:51,099"
0,-58536852,58536852,5076,1080640,57256948,76,44506520,1080564,12750428,8,8,28,0,13836616,12956,44505608,572,-400,99644,0,0,0,111956,106400,111956,-5556,36864,0,0,0,0,0,0,0,"2024-08-19 04:01:01,101"
0,-58526124,58526124,5076,1080640,57268224,76,44517788,1080564,12750436,8,8,36,0,13836624,12956,44516876,572,-400,99644,0,0,0,111956,106400,111956,-5556,36864,0,0,0,0,0,0,0,"2024-08-19 04:01:11,102"
0,-58541344,58541344,5076,1080640,57271504,76,44521064,1080564,12750440,8,8,0,0,13836628,12956,44520152,572,-400,99644,0,0,0,111956,106400,111956,-5556,36864,0,0,0,0,0,0,0,"2024-08-19 04:01:21,104"
0,-58556900,58556900,5076,1080640,57270256,76,44519808,1080564,12750448,8,8,24,0,13836636,12956,44518896,572,-400,99644,0,0,0,111956,106400,111956,-5556,36864,0,0,0,0,0,0,0,"2024-08-19 04:01:31,106"
0,-58548212,58548212,5076,1080640,57274400,76,44523948,1080564,12750452,8,8,28,0,13836640,12956,44523036,572,-400,99644,0,0,0,111956,106400,111956,-5556,36864,0,0,0,0,0,0,0,"2024-08-19 04:01:41,108"
0,-58555388,58555388,5076,1080640,57269728,76,44519268,1080564,12750460,8,8,36,0,13836648,12956,44518356,572,-400,99644,0,0,0,111956,106400,111956,-5556,36864,0,0,0,0,0,0,0,"2024-08-19 04:01:51,109"
0,-58541256,58541256,5076,1080640,57273276,76,44522812,1080564,12750464,8,8,0,0,13836652,12956,44521900,572,-400,99644,0,0,0,111956,106400,111956,-5556,36864,0,0,0,0,0,0,0,"2024-08-19 04:02:01,111"
0,-58525916,58525916,5076,1080640,57265552,76,44515080,1080564,12750472,8,8,24,0,13836664,12956,44514164,576,-400,99644,0,0,0,111956,106400,111956,-5556,36864,0,0,0,0,0,0,0,"2024-08-19 04:02:11,113"
0,-58523700,58523700,5076,1080640,57266984,76,44516504,1080564,12750480,8,8,32,0,13836680,12956,44515580,584,-400,99644,0,0,0,111956,106400,111956,-5556,36864,0,0,0,0,0,0,0,"2024-08-19 04:02:21,114"
0,-58547036,58547036,5076,1080640,57271972,76,44521488,1080564,12750484,8,8,36,0,13836684,12956,44520564,584,-400,99644,0,0,0,111956,106400,111956,-5556,36864,0,0,0,0,0,0,0,"2024-08-19 04:02:31,116"
0,-58562956,58562956,5076,1080640,57276984,76,44526492,1080564,12750492,8,8,0,0,13836680,12956,44525580,572,-400,99644,0,0,0,111956,106400,111956,-5556,36864,0,0,0,0,0,0,0,"2024-08-19 04:02:41,118"
0,-58545152,58545152,5076,1080640,57274396,76,44523900,1080564,12750496,8,8,0,0,13836684,12956,44522988,572,-400,99644,0,0,0,111956,106400,111956,-5556,36864,0,0,0,0,0,0,0,"2024-08-19 04:02:51,120"
0,-58530384,58530384,5076,1080640,57266420,76,44515916,1080564,12750504,8,8,24,0,13836692,12956,44515004,572,-400,99644,0,0,0,111956,106400,111956,-5556,36864,0,0,0,0,0,0,0,"2024-08-19 04:03:01,122"
0,-58549776,58549776,5076,1080640,57276544,76,44526036,1080564,12750508,8,8,28,0,13836708,12956,44525112,584,-400,99644,0,0,0,111956,106400,111956,-5556,36864,0,0,0,0,0,0,0,"2024-08-19 04:03:11,123"
0,-58541632,58541632,5076,1080640,57270952,76,44520436,1080564,12750516,8,8,36,0,13836716,12956,44519512,584,-400,99644,0,0,0,111956,106400,111956,-5556,36864,0,0,0,0,0,0,0,"2024-08-19 04:03:21,125"
0,-58537144,58537144,5076,1080640,57271936,76,44521416,1080564,12750520,8,8,0,0,13836720,12956,44520492,584,-400,99644,0,0,0,111956,106400,111956,-5556,36864,0,0,0,0,0,0,0,"2024-08-19 04:03:31,127"
0,-58545280,58545280,5076,1080640,57266164,76,44515636,1080564,12750528,8,8,24,0,13836716,12956,44514724,572,-400,99644,0,0,0,111956,106400,111956,-5556,36864,0,0,0,0,0,0,0,"2024-08-19 04:03:41,128"
0,-58546612,58546612,5076,1080640,57272200,76,44521668,1080564,12750532,8,8,28,0,13836720,12956,44520756,572,-400,99644,0,0,0,111956,106400,111956,-5556,36864,0,0,0,0,0,0,0,"2024-08-19 04:03:51,130"
0,-58527680,58527680,5076,1080640,57269024,76,44518484,1080564,12750540,8,8,36,0,13836728,12956,44517572,572,-400,99644,0,0,0,111956,106400,111956,-5556,36864,0,0,0,0,0,0,0,"2024-08-19 04:04:01,132"
0,-58543792,58543792,5076,1080640,57271240,76,44520696,1080564,12750544,8,8,0,0,13836732,12956,44520188,572,-400,99644,0,0,0,111956,106400,111956,-5556,36864,0,0,0,0,0,0,0,"2024-08-19 04:04:11,134"
0,-58531432,58531432,5076,1080640,57269684,76,44519132,1080564,12750552,8,8,24,0,13836740,12956,44518220,572,-400,99644,0,0,0,111956,106400,111956,-5556,36864,0,0,0,0,0,0,0,"2024-08-19 04:04:21,135"
0,-58546316,58546316,5076,1080640,57276232,76,44525676,1080564,12750556,8,8,28,0,13836744,12956,44524764,572,-400,99644,0,0,0,111956,106400,111956,-5556,36864,0,0,0,0,0,0,0,"2024-08-19 04:04:31,137"
0,-58534088,58534088,5076,1080640,57268980,76,44518416,1080564,12750564,8,8,36,0,13836752,12956,44517504,572,-400,99644,0,0,0,111956,106400,111956,-5556,36864,0,0,0,0,0,0,0,"2024-08-19 04:04:41,139"
0,-58539528,58539528,5076,1080640,57279900,76,44529332,1080564,12750568,8,8,0,0,13836756,12956,44528420,572,-400,99644,0,0,0,111956,106400,111956,-5556,36864,0,0,0,0,0,0,0,"2024-08-19 04:04:51,141"
0,-58536208,58536208,5076,1080640,57273224,76,44522648,1080564,12750576,8,8,0,0,13836764,12956,44521736,572,-400,99644,0,0,0,111956,106400,111956,-5556,36864,0,0,0,0,0,0,0,"2024-08-19 04:05:01,143"
0,-58532884,58532884,5076,1080640,57271160,76,44520572,1080564,12750588,8,8,240,0,13836776,12960,44519660,572,-400,99644,0,0,0,111956,106400,111956,-5556,36864,0,0,0,0,0,0,0,"2024-08-19 04:05:11,144"
0,-58544128,58544128,5076,1080640,57271488,76,44520896,1080564,12750592,8,8,244,0,13836780,12960,44519988,572,-400,99644,0,0,0,111956,106400,111956,-5556,36864,0,0,0,0,0,0,0,"2024-08-19 04:05:21,146"
0,-58550620,58550620,5076,1080640,57275468,76,44524868,1080564,12750600,8,8,252,0,13836788,12960,44523956,572,-400,99644,0,0,0,111956,106400,111956,-5556,36864,0,0,0,0,0,0,0,"2024-08-19 04:05:31,148"
0,-58546608,58546608,5076,1080640,57270372,76,44519768,1080564,12750604,8,8,8,0,13836792,12960,44518856,572,-400,99644,0,0,0,111956,106400,111956,-5556,36864,0,0,0,0,0,0,0,"2024-08-19 04:05:41,150"
0,-58566200,58566200,5076,1080640,57282948,76,44532336,1080564,12750612,8,8,32,0,13836800,12960,44531424,572,-400,99644,0,0,0,111956,106400,111956,-5556,36864,0,0,0,0,0,0,0,"2024-08-19 04:05:51,151"
0,-58540028,58540028,5076,1080640,57269016,76,44518400,1080564,12750616,8,8,36,0,13836804,12960,44517488,572,-400,99644,0,0,0,111956,106400,111956,-5556,36864,0,0,0,0,0,0,0,"2024-08-19 04:06:01,153"
0,-58542484,58542484,5076,1080640,57277612,76,44526988,1080564,12750624,8,8,36,0,13836812,12960,44526076,572,-400,99644,0,0,0,111956,106400,111956,-5556,36864,0,0,0,0,0,0,0,"2024-08-19 04:06:11,155"
0,-58546284,58546284,5076,1080640,57268960,76,44518332,1080564,12750628,8,8,0,0,13836816,12960,44517420,572,-400,99644,0,0,0,111956,106400,111956,-5556,36864,0,0,0,0,0,0,0,"2024-08-19 04:06:21,157"
0,-58536760,58536760,5076,1080640,57268988,76,44518352,1080564,12750636,8,8,0,0,13836824,12960,44517440,572,-400,99644,0,0,0,111956,106400,111956,-5556,36864,0,0,0,0,0,0,0,"2024-08-19 04:06:31,158"
0,-58550904,58550904,5076,1080640,57272196,76,44521556,1080564,12750640,8,8,0,0,13836828,12960,44520644,572,-400,99644,0,0,0,111956,106400,111956,-5556,36864,0,0,0,0,0,0,0,"2024-08-19 04:06:41,160"
0,-58549868,58549868,5076,1080640,57274728,76,44524080,1080564,12750648,8,8,0,0,13836836,12960,44523168,572,-400,99644,0,0,0,111956,106400,111956,-5556,36864,0,0,0,0,0,0,0,"2024-08-19 04:06:51,162"
0,-58531644,58531644,5076,1080640,57279416,76,44528756,1080564,12750660,8,8,0,0,13836848,12960,44527844,572,-400,99644,0,0,0,111956,106400,111956,-5556,36864,0,0,0,0,0,0,0,"2024-08-19 04:07:01,163"
0,-58524532,58524532,5076,1080640,57251920,76,44501240,1080564,12750680,8,8,0,0,13836868,12968,44500328,572,-400,99632,0,0,0,111956,106400,111956,-5556,36864,0,0,0,0,0,0,0,"2024-08-19 04:07:11,165"
0,-58504184,58504184,5076,1080640,57252488,76,44501768,1080564,12750720,8,8,0,0,13836912,12988,44500852,576,-400,99632,0,0,0,111956,106400,111956,-5556,36864,0,0,0,0,0,0,0,"2024-08-19 04:07:21,166"
0,-58528032,58528032,5076,1080640,57254376,76,44503648,1080564,12750728,8,8,0,0,13836920,12988,44502732,576,-400,99632,0,0,0,111956,106400,111956,-5556,36864,0,0,0,0,0,0,0,"2024-08-19 04:07:31,168"
0,-58531884,58531884,5076,1080640,57257900,76,44507164,1080564,12750736,8,8,0,0,13836924,12988,44506252,572,-400,99632,0,0,0,111956,106400,111956,-5556,36864,0,0,0,0,0,0,0,"2024-08-19 04:07:41,170"
0,-58540300,58540300,5076,1080640,57255860,76,44505120,1080564,12750740,8,8,0,0,13836928,12988,44504208,572,-400,99632,0,0,0,111956,106400,111956,-5556,36864,0,0,0,0,0,0,0,"2024-08-19 04:07:51,172"
0,-58540320,58540320,5076,1080640,57259692,76,44508944,1080564,12750748,8,8,0,0,13836936,12988,44508028,572,-400,99632,0,0,0,111956,106400,111956,-5556,36864,0,0,0,0,0,0,0,"2024-08-19 04:08:01,178"
0,-58538024,58538024,5076,1080640,57272132,76,44521380,1080564,12750752,8,8,0,0,13836940,12988,44520472,572,-400,99632,0,0,0,111956,106400,111956,-5556,36864,0,0,0,0,0,0,0,"2024-08-19 04:08:11,180"
0,-58514608,58514608,5076,1080640,57260340,76,44509580,1080564,12750760,8,8,0,0,13836952,12988,44508664,576,-400,99632,0,0,0,111956,106400,111956,-5556,36864,0,0,0,0,0,0,0,"2024-08-19 04:08:21,182"
0,-58509828,58509828,5076,1080640,57256696,76,44505932,1080564,12750764,8,8,0,0,13836956,12988,44505012,576,-400,99632,0,0,0,111956,106400,111956,-5556,36864,0,0,0,0,0,0,0,"2024-08-19 04:08:31,184"
0,-58532904,58532904,5076,1080640,57255468,76,44504696,1080564,12750772,8,8,0,0,13836960,12988,44503784,572,-400,99632,0,0,0,111956,106400,111956,-5556,36864,0,0,0,0,0,0,0,"2024-08-19 04:08:41,185"
0,-58533956,58533956,5076,1080640,57267032,76,44516256,1080564,12750776,8,8,0,0,13836964,12988,44515344,572,-400,99632,0,0,0,111956,106400,111956,-5556,36864,0,0,0,0,0,0,0,"2024-08-19 04:08:51,187"
0,-58519680,58519680,5076,1080640,57258684,76,44507900,1080564,12750784,8,8,0,0,13836976,12988,44506984,576,-400,99632,0,0,0,111956,106400,111956,-5556,36864,0,0,0,0,0,0,0,"2024-08-19 04:09:01,189"
0,-58527232,58527232,5076,1080640,57265116,76,44514328,1080564,12750788,8,8,244,0,13836980,12988,44513412,576,-400,99632,0,0,0,111956,106400,111956,-5556,36864,0,0,0,0,0,0,0,"2024-08-19 04:09:11,191"
0,-58523012,58523012,5076,1080640,57258396,76,44507592,1080564,12750804,8,8,244,0,13836996,12988,44506676,576,-400,99632,0,0,0,111956,106400,111956,-5556,36864,0,0,0,0,0,0,0,"2024-08-19 04:09:21,192"
0,-58525628,58525628,5076,1081580,57257012,76,44507144,1081504,12749868,8,8,364,0,13837000,13236,44506228,576,-400,99632,0,0,0,111956,106400,111956,-5556,36864,0,0,0,0,0,0,0,"2024-08-19 04:09:31,194"
0,-58531256,58531256,5076,1081668,57258700,76,44508888,1081592,12749812,8,8,0,0,13837028,13032,44507976,572,-400,99632,0,0,0,111956,106400,111956,-5556,36864,0,0,0,0,0,0,0,"2024-08-19 04:09:41,196"
0,-58519764,58519764,5076,1081668,57255548,76,44505724,1081592,12749824,8,8,0,0,13837040,13036,44504812,572,-400,99632,0,0,0,111956,106400,111956,-5556,36864,0,0,0,0,0,0,0,"2024-08-19 04:09:51,197"
0,-58534292,58534292,5076,1081668,57263172,76,44513340,1081592,12749832,8,8,0,0,13837052,13036,44512424,576,-400,99632,0,0,0,111956,106400,111956,-5556,36864,0,0,0,0,0,0,0,"2024-08-19 04:10:01,199"
0,-58529964,58529964,5076,1081668,57258212,76,44508364,1081592,12749848,8,8,4,0,13837068,13036,44507448,576,-400,99632,0,0,0,111956,106400,111956,-5556,36864,0,0,0,0,0,0,0,"2024-08-19 04:10:11,201"
0,-58523920,58523920,5076,1081668,57261368,76,44511516,1081592,12749852,8,8,4,0,13837072,13036,44510596,576,-400,99632,0,0,0,111956,106400,111956,-5556,36864,0,0,0,0,0,0,0,"2024-08-19 04:10:21,203"
0,-58542248,58542248,5076,1081668,57257704,76,44507844,1081592,12749860,8,8,4,0,13837080,13036,44506924,576,-400,99632,0,0,0,111956,106400,111956,-5556,36864,0,0,0,0,0,0,0,"2024-08-19 04:10:31,205"
0,-58541148,58541148,5076,1081668,57260368,76,44510504,1081592,12749864,8,8,0,0,13837084,13036,44509588,576,-400,99632,0,0,0,111956,106400,111956,-5556,36864,0,0,0,0,0,0,0,"2024-08-19 04:10:41,206"
0,-58535992,58535992,5076,1081668,57264336,76,44514464,1081592,12749872,8,8,0,0,13837088,13036,44513552,572,-400,99632,0,0,0,111956,106400,111956,-5556,36864,0,0,0,0,0,0,0,"2024-08-19 04:10:51,208"
0,-58538448,58538448,5076,1081668,57265192,76,44515316,1081592,12749876,8,8,0,0,13837092,13036,44514404,572,-400,99632,0,0,0,111956,106400,111956,-5556,36864,0,0,0,0,0,0,0,"2024-08-19 04:11:01,209"
0,-58552680,58552680,5076,1081668,57268192,76,44518308,1081592,12749884,8,8,0,0,13837104,13036,44517392,576,-400,99632,0,0,0,111956,106400,111956,-5556,36864,0,0,0,0,0,0,0,"2024-08-19 04:11:11,211"
0,-58529452,58529452,5076,1081668,57266504,76,44516616,1081592,12749888,8,8,0,0,13837108,13036,44515700,576,-400,99632,0,0,0,111956,106400,111956,-5556,36864,0,0,0,0,0,0,0,"2024-08-19 04:11:21,213"
0,-58542136,58542136,5076,1081668,57264892,76,44514996,1081592,12749896,8,8,0,0,13837116,13036,44514076,576,-400,99632,0,0,0,111956,106400,111956,-5556,36864,0,0,0,0,0,0,0,"2024-08-19 04:11:31,215"
0,-58545728,58545728,5076,1081668,57260256,76,44510356,1081592,12749900,8,8,0,0,13837116,13036,44509448,572,-400,99632,0,0,0,111956,106392,111956,-5564,36864,0,0,0,0,0,0,0,"2024-08-19 04:11:41,217"
0,-58545188,58545188,5076,1081668,57261244,76,44511336,1081592,12749908,8,8,0,0,13837128,13036,44510420,576,-400,99632,0,0,0,111956,106392,111956,-5564,36864,0,0,0,0,0,0,0,"2024-08-19 04:11:51,218"
0,-58519400,58519400,5076,1081668,57260836,76,44510924,1081592,12749912,8,8,0,0,13837132,13036,44510008,576,-400,99632,0,0,0,111956,106392,111956,-5564,36864,0,0,0,0,0,0,0,"2024-08-19 04:12:01,220"
0,-58537556,58537556,5076,1081668,57266272,76,44516352,1081592,12749920,8,8,0,0,13837140,13036,44515436,576,-400,99632,0,0,0,111956,106392,111956,-5564,36864,0,0,0,0,0,0,0,"2024-08-19 04:12:11,221"
0,-58532804,58532804,5076,1081668,57267256,76,44517332,1081592,12749924,8,8,0,0,13837144,13036,44516416,576,-400,99632,0,0,0,111956,106392,111956,-5564,36864,0,0,0,0,0,0,0,"2024-08-19 04:12:21,223"
0,-58541996,58541996,5076,1081668,57260136,76,44510204,1081592,12749932,8,8,0,0,13837152,13036,44509288,576,-400,99632,0,0,0,111956,106392,111956,-5564,36864,0,0,0,0,0,0,0,"2024-08-19 04:12:31,225"
0,-58544996,58544996,5076,1081668,57265356,76,44515416,1081592,12749940,8,8,0,0,13837160,13036,44514500,576,-400,99632,0,0,0,111956,106392,111956,-5564,36864,0,0,0,0,0,0,0,"2024-08-19 04:12:41,227"
0,-58545212,58545212,5076,1081668,57256932,76,44506988,1081592,12749944,8,8,0,0,13837160,13036,44506076,572,-400,99632,0,0,0,111956,106392,111956,-5564,36864,0,0,0,0,0,0,0,"2024-08-19 04:12:51,228"
0,-58526276,58526276,5076,1081668,57255372,76,44505420,1081592,12749952,8,8,0,0,13837172,13036,44504504,576,-400,99632,0,0,0,111956,106392,111956,-5564,36864,0,0,0,0,0,0,0,"2024-08-19 04:13:01,229"
0,-58540688,58540688,5076,1081668,57265560,76,44515604,1081592,12749956,8,8,0,0,13837176,13036,44514688,576,-400,99632,0,0,0,111956,106392,111956,-5564,36864,0,0,0,0,0,0,0,"2024-08-19 04:13:11,231"
0,-58548100,58548100,5076,1081668,57258096,76,44508132,1081592,12749964,8,8,0,0,13837184,13036,44507216,576,-400,99632,0,0,0,111956,106392,111956,-5564,36864,0,0,0,0,0,0,0,"2024-08-19 04:13:21,232"
0,-58531840,58531840,5076,1081668,57257780,76,44507812,1081592,12749968,8,8,0,0,13837188,13036,44506896,576,-400,99632,0,0,0,111956,106392,111956,-5564,36864,0,0,0,0,0,0,0,"2024-08-19 04:13:31,234"
0,-58538056,58538056,5076,1081668,57258184,76,44508208,1081592,12749976,8,8,0,0,13837212,13036,44507276,592,-400,99632,0,0,0,111956,106392,111956,-5564,36864,0,0,0,0,0,0,0,"2024-08-19 04:13:41,235"
0,-58524528,58524528,5076,1081668,57258076,76,44508096,1081592,12749980,8,8,80,0,13837212,13036,44507168,588,-400,99632,0,0,0,111956,106392,111956,-5564,36864,0,0,0,0,0,0,0,"2024-08-19 04:13:51,237"
0,-58521420,58521420,5076,1081668,57265268,76,44515264,1081592,12750004,8,8,84,0,13837240,13036,44514332,592,-400,99632,0,0,0,111956,106392,111956,-5564,36864,0,0,0,0,0,0,0,"2024-08-19 04:14:01,239"
0,-58547772,58547772,5076,1081668,57270828,76,44520820,1081592,12750008,8,8,84,0,13837244,13036,44519892,592,-400,99632,0,0,0,111956,106392,111956,-5564,36864,0,0,0,0,0,0,0,"2024-08-19 04:14:11,241"
0,-58512604,58512604,5076,1081668,57260364,76,44510348,1081592,12750016,8,8,0,0,13837252,13036,44509412,592,-400,99632,0,0,0,111956,106392,111956,-5564,36864,0,0,0,0,0,0,0,"2024-08-19 04:14:21,243"
0,-58539536,58539536,5076,1081668,57264124,76,44514104,1081592,12750020,8,8,0,0,13837256,13036,44513172,592,-400,99632,0,0,0,111956,106392,111956,-5564,36864,0,0,0,0,0,0,0,"2024-08-19 04:14:31,245"
0,-58537076,58537076,5076,1081668,57257472,76,44507444,1081592,12750028,8,8,8,0,13837264,13064,44506512,592,-400,99632,0,0,0,111956,106392,111956,-5564,36864,0,0,0,0,0,0,0,"2024-08-19 04:14:41,247"
0,-58521128,58521128,5076,1081668,57263600,76,44513568,1081592,12750032,8,8,8,0,13837268,13064,44512632,592,-400,99632,0,0,0,111956,106392,111956,-5564,36864,0,0,0,0,0,0,0,"2024-08-19 04:14:51,249"
0,-58540776,58540776,5076,1081668,57265456,76,44515412,1081592,12750044,8,8,8,0,13837280,13064,44514480,592,-400,99632,0,0,0,111956,106392,111956,-5564,36864,0,0,0,0,0,0,0,"2024-08-19 04:15:01,251"
0,-58541552,58541552,5076,1081668,57260832,76,44510788,1081592,12750044,8,8,216,0,13837280,13064,44509856,592,-400,99632,0,0,0,111956,106392,111956,-5564,36864,0,0,0,0,0,0,0,"2024-08-19 04:15:11,253"
0,-58543832,58543832,5076,1081668,57261512,76,44511444,1081592,12750068,8,8,196,0,13837304,13064,44510516,592,-400,99632,0,0,0,111956,106392,111956,-5564,36864,0,0,0,0,0,0,0,"2024-08-19 04:15:21,255"
0,-58552640,58552640,5076,1081668,57265236,76,44515160,1081592,12750076,8,8,0,0,13837312,13064,44514228,592,-400,99632,0,0,0,111956,106392,111956,-5564,36864,0,0,0,0,0,0,0,"2024-08-19 04:15:31,257"
0,-58518444,58518444,5076,1081668,57259308,76,44509228,1081592,12750080,8,8,0,0,13837316,13064,44508300,592,-400,99632,0,0,0,111956,106392,111956,-5564,36864,0,0,0,0,0,0,0,"2024-08-19 04:15:41,259"
0,-58523712,58523712,5076,1081668,57260244,76,44510156,1081592,12750088,8,8,0,0,13837312,13064,44509236,580,-400,99632,0,0,0,111956,106392,111956,-5564,36864,0,0,0,0,0,0,0,"2024-08-19 04:15:51,260"
0,-58524316,58524316,5076,1081668,57261004,76,44510912,1081592,12750092,8,8,0,0,13837328,13064,44509976,592,-400,99632,0,0,0,111956,106392,111956,-5564,36864,0,0,0,0,0,0,0,"2024-08-19 04:16:01,262"
0,-58542316,58542316,5076,1081668,57264616,76,44514516,1081592,12750100,8,8,0,0,13837336,13064,44513588,592,-400,99632,0,0,0,111956,106392,111956,-5564,36864,0,0,0,0,0,0,0,"2024-08-19 04:16:11,264"
0,-58506636,58506636,5076,1081668,57257820,76,44507716,1081592,12750104,8,8,0,0,13837340,13064,44506784,592,-400,99632,0,0,0,111956,106392,111956,-5564,36864,0,0,0,0,0,0,0,"2024-08-19 04:16:21,266"
0,-58538980,58538980,5076,1081668,57264140,76,44514028,1081592,12750112,8,8,0,0,13837348,13064,44513096,592,-400,99632,0,0,0,111956,106392,111956,-5564,36864,0,0,0,0,0,0,0,"2024-08-19 04:16:31,267"
0,-58526296,58526296,5076,1081668,57261356,76,44511240,1081592,12750116,8,8,0,0,13837352,13064,44510308,592,-400,99632,0,0,0,111956,106392,111956,-5564,36864,0,0,0,0,0,0,0,"2024-08-19 04:16:41,269"
0,-58526548,58526548,5076,1081668,57255976,76,44505852,1081592,12750124,8,8,0,0,13837348,13064,44504932,580,-400,99632,0,0,0,111956,106392,111956,-5564,36864,0,0,0,0,0,0,0,"2024-08-19 04:16:51,271"
0,-58534932,58534932,5076,1081668,57264440,76,44514312,1081592,12750128,8,8,0,0,13837364,13064,44513380,592,-400,99632,0,0,0,111956,106392,111956,-5564,36864,0,0,0,0,0,0,0,"2024-08-19 04:17:01,273"
0,-58538040,58538040,5076,1081668,57258972,76,44508816,1081592,12750156,8,8,216,0,13837392,13068,44507884,592,-400,99632,0,0,0,111956,106392,111956,-5564,36864,0,0,0,0,0,0,0,"2024-08-19 04:17:11,275"
0,-58536044,58536044,5076,1081668,57255088,76,44504920,1081592,12750168,8,8,216,0,13837404,13068,44503988,592,-400,99632,0,0,0,111956,106392,111956,-5564,36864,0,0,0,0,0,0,0,"2024-08-19 04:17:21,277"
0,-58532868,58532868,5076,1081668,57256400,76,44506224,1081592,12750176,8,8,216,0,13837412,13068,44505292,592,-400,99632,0,0,0,111956,106392,111956,-5564,36864,0,0,0,0,0,0,0,"2024-08-19 04:17:31,279"
0,-58533744,58533744,5076,1081668,57257056,76,44506876,1081592,12750180,8,8,8,0,13837416,13068,44505944,592,-400,99632,0,0,0,111956,106392,111956,-5564,36864,0,0,0,0,0,0,0,"2024-08-19 04:17:41,280"
0,-58528476,58528476,5076,1081668,57256108,76,44505912,1081592,12750196,8,8,8,0,13837420,13068,44504992,580,-400,99632,0,0,0,111956,106392,111956,-5564,36864,0,0,0,0,0,0,0,"2024-08-19 04:17:51,282"
0,-58536124,58536124,5084,1081668,57267936,76,44517732,1081592,12750204,8,8,0,0,13837436,13068,44516812,580,-400,99632,0,0,0,111956,106360,111956,-5596,36864,0,0,0,0,0,0,0,"2024-08-19 04:18:01,284"
0,-58529968,58529968,5084,1081668,57259712,76,44509504,1081592,12750208,8,8,0,0,13837440,13068,44508584,580,-400,99632,0,0,0,111956,106360,111956,-5596,36864,0,0,0,0,0,0,0,"2024-08-19 04:18:11,286"
0,-58530608,58530608,5084,1081668,57254252,76,44504036,1081592,12750216,8,8,0,0,13837448,13068,44503116,580,-400,99632,0,0,0,111956,106360,111956,-5596,36864,0,0,0,0,0,0,0,"2024-08-19 04:18:21,287"
0,-58526916,58526916,5084,1081668,57263824,76,44513604,1081592,12750220,8,8,0,0,13837464,13068,44512672,592,-400,99632,0,0,0,111956,106360,111956,-5596,36864,0,0,0,0,0,0,0,"2024-08-19 04:18:31,289"
0,-58532556,58532556,5084,1081668,57258696,76,44508468,1081592,12750228,8,8,0,0,13837472,13068,44507536,592,-400,99632,0,0,0,111956,106360,111956,-5596,36864,0,0,0,0,0,0,0,"2024-08-19 04:18:41,291"
0,-58519368,58519368,5084,1081668,57262932,76,44512700,1081592,12750232,8,8,4,0,13837464,13068,44511780,580,-400,99632,0,0,0,111956,106360,111956,-5596,36864,0,0,0,0,0,0,0,"2024-08-19 04:18:51,293"
0,-58552020,58552020,5084,1081668,57263604,76,44513364,1081592,12750240,8,8,4,0,13837472,13068,44512444,580,-400,99632,0,0,0,111956,106360,111956,-5596,36864,0,0,0,0,0,0,0,"2024-08-19 04:19:01,295"
0,-58551384,58551384,5084,1081668,57263400,76,44513156,1081592,12750244,8,8,0,0,13837476,13068,44512244,580,-400,99632,0,0,0,111956,106360,111956,-5596,36864,0,0,0,0,0,0,0,"2024-08-19 04:19:11,297"
0,-58531780,58531780,5084,1081668,57263204,76,44512952,1081592,12750252,8,8,0,0,13837484,13068,44512032,580,-400,99632,0,0,0,111956,106360,111956,-5596,36864,0,0,0,0,0,0,0,"2024-08-19 04:19:21,298"
0,-58549324,58549324,5084,1081668,57267936,76,44517680,1081592,12750256,8,8,0,0,13837488,13068,44516756,580,-400,99632,0,0,0,111956,106360,111956,-5596,36864,0,0,0,0,0,0,0,"2024-08-19 04:19:31,300"
0,-58550348,58550348,5084,1081668,57258876,76,44508612,1081592,12750264,8,8,0,0,13837496,13876,44507692,580,-400,99632,0,0,0,111956,106360,111956,-5596,36864,0,0,0,0,0,0,0,"2024-08-19 04:19:41,302"
0,-58550872,58550872,5084,1081668,57261692,76,44511420,1081592,12750272,8,8,0,0,13837504,13068,44510500,580,-400,99632,0,0,0,111956,106360,111956,-5596,36864,0,0,0,0,0,0,0,"2024-08-19 04:19:51,303"
0,-58526092,58526092,5084,1081668,57261656,76,44511376,1081592,12750280,8,8,0,0,13837512,13068,44510456,580,-400,99632,0,0,0,111956,106360,111956,-5596,36864,0,0,0,0,0,0,0,"2024-08-19 04:20:01,305"
0,-58528500,58528500,5084,1081668,57268476,76,44518192,1081592,12750284,8,8,0,0,13837516,13068,44517272,580,-400,99632,0,0,0,111956,106360,111956,-5596,36864,0,0,0,0,0,0,0,"2024-08-19 04:20:11,307"
0,-58547172,58547172,5084,1081668,57258276,76,44507984,1081592,12750292,8,8,0,0,13837524,13068,44507064,580,-400,99632,0,0,0,111956,106360,111956,-5596,36864,0,0,0,0,0,0,0,"2024-08-19 04:20:21,309"
0,-58536952,58536952,5084,1081668,57256484,76,44506184,1081592,12750300,8,8,0,0,13837532,13068,44505264,580,-400,99632,0,0,0,111956,106360,111956,-5596,36864,0,0,0,0,0,0,0,"2024-08-19 04:20:31,310"
0,-58534452,58534452,5084,1081668,57262220,76,44511912,1081592,12750308,8,8,0,0,13837548,13068,44510984,588,-400,99632,0,0,0,111956,106360,111956,-5596,36864,0,0,0,0,0,0,0,"2024-08-19 04:20:41,312"
0,-58525348,58525348,5084,1081668,57259364,76,44509048,1081592,12750316,8,8,0,0,13837548,13068,44508128,580,-400,99632,0,0,0,111956,106360,111956,-5596,36864,0,0,0,0,0,0,0,"2024-08-19 04:20:51,314"
0,-58522744,58522744,5084,1081668,57261184,76,44510864,1081592,12750320,8,8,0,0,13837552,13068,44509944,580,-400,99632,0,0,0,111956,106360,111956,-5596,36864,0,0,0,0,0,0,0,"2024-08-19 04:21:01,316"
0,-58539140,58539140,5084,1081668,57260304,76,44509976,1081592,12750328,8,8,0,0,13837560,13068,44509056,580,-400,99632,0,0,0,111956,106360,111956,-5596,36864,0,0,0,0,0,0,0,"2024-08-19 04:21:11,317"
0,-58526196,58526196,5084,1081668,57260924,76,44510592,1081592,12750332,8,8,0,0,13837564,13068,44509672,580,-400,99632,0,0,0,111956,106328,111956,-5628,36864,0,0,0,0,0,0,0,"2024-08-19 04:21:21,319"
0,-58550180,58550180,5084,1081668,57268448,76,44518108,1081592,12750340,8,8,0,0,13837572,13068,44517188,580,-400,99632,0,0,0,111956,106328,111956,-5628,36864,0,0,0,0,0,0,0,"2024-08-19 04:21:31,321"
0,-58538368,58538368,5084,1081668,57264092,76,44513748,1081592,12750344,8,8,0,0,13837588,13068,44512812,592,-400,99632,0,0,0,111956,106328,111956,-5628,36864,0,0,0,0,0,0,0,"2024-08-19 04:21:41,323"
0,-58535100,58535100,5084,1081668,57258412,76,44508060,1081592,12750352,8,8,0,0,13837584,13068,44507140,580,-400,99632,0,0,0,111956,106328,111956,-5628,36864,0,0,0,0,0,0,0,"2024-08-19 04:21:51,324"
0,-58544328,58544328,5084,1081668,57266236,76,44515880,1081592,12750356,8,8,0,0,13837588,13068,44514960,580,-400,99632,0,0,0,111956,106328,111956,-5628,36864,0,0,0,0,0,0,0,"2024-08-19 04:22:01,326"
0,-58542052,58542052,5084,1081668,57263644,76,44513280,1081592,12750364,8,8,0,0,13837596,13068,44512360,580,-400,99632,0,0,0,111956,106328,111956,-5628,36864,0,0,0,0,0,0,0,"2024-08-19 04:22:11,328"
0,-58535596,58535596,5084,1081668,57259164,76,44508796,1081592,12750368,8,8,0,0,13837600,13068,44507876,580,-400,99632,0,0,0,111956,106328,111956,-5628,36864,0,0,0,0,0,0,0,"2024-08-19 04:22:21,329"
0,-58532340,58532340,5084,1081668,57261412,76,44511036,1081592,12750376,8,8,0,0,13837608,13068,44510116,580,-400,99632,0,0,0,111956,106328,111956,-5628,36864,0,0,0,0,0,0,0,"2024-08-19 04:22:31,331"
0,-58510992,58510992,5084,1081668,57265304,76,44514924,1081592,12750380,8,8,0,0,13837612,13068,44514004,580,-400,99632,0,0,0,111956,106328,111956,-5628,36864,0,0,0,0,0,0,0,"2024-08-19 04:22:41,333"
0,-58534512,58534512,5084,1081668,57267708,76,44517320,1081592,12750388,8,8,0,0,13837620,13068,44516400,580,-400,99632,0,0,0,111956,106328,111956,-5628,36864,0,0,0,0,0,0,0,"2024-08-19 04:22:51,335"
0,-58539012,58539012,5084,1081668,57269928,76,44519532,1081592,12750396,8,8,0,0,13837628,13068,44518612,580,-400,99632,0,0,0,111956,106328,111956,-5628,36864,0,0,0,0,0,0,0,"2024-08-19 04:23:01,336"
0,-58539472,58539472,5084,1081668,57257400,76,44507000,1081592,12750400,8,8,4,0,13837632,13068,44506080,580,-400,99632,0,0,0,111956,106328,111956,-5628,36864,0,0,0,0,0,0,0,"2024-08-19 04:23:11,337"
0,-58515096,58515096,5084,1081668,57260348,76,44509940,1081592,12750408,8,8,0,0,13837640,13068,44509020,580,-400,99632,0,0,0,111956,106328,111956,-5628,36864,0,0,0,0,0,0,0,"2024-08-19 04:23:21,338"
0,-58538768,58538768,5084,1081668,57262428,76,44512016,1081592,12750412,8,8,0,0,13837644,13068,44511096,580,-400,99632,0,0,0,111956,106328,111956,-5628,36864,0,0,0,0,0,0,0,"2024-08-19 04:23:31,340"
0,-58518776,58518776,5084,1081668,57259864,76,44509444,1081592,12750420,8,8,0,0,13837652,13068,44508524,580,-400,99632,0,0,0,111956,106328,111956,-5628,36864,0,0,0,0,0,0,0,"2024-08-19 04:23:41,342"
0,-58525044,58525044,5084,1081668,57257044,76,44506620,1081592,12750424,8,8,0,0,13837656,13068,44505700,580,-400,99632,0,0,0,111956,106328,111956,-5628,36864,0,0,0,0,0,0,0,"2024-08-19 04:23:51,343"
0,-58553988,58553988,5084,1081668,57258984,76,44508552,1081592,12750432,8,8,0,0,13837664,13068,44507632,580,-400,99632,0,0,0,111956,106328,111956,-5628,36864,0,0,0,0,0,0,0,"2024-08-19 04:24:01,345"
0,-58518704,58518704,5084,1081668,57257512,76,44507076,1081592,12750436,8,8,20,0,13837668,13068,44506156,580,-400,99632,0,0,0,111956,106328,111956,-5628,36864,0,0,0,0,0,0,0,"2024-08-19 04:24:11,347"
0,-58534152,58534152,5084,1081668,57257188,76,44506736,1081592,12750452,8,8,28,0,13837684,13068,44505820,580,-400,99632,0,0,0,111956,106328,111956,-5628,36864,0,0,0,0,0,0,0,"2024-08-19 04:24:21,349"
0,-58525368,58525368,5084,1081668,57263760,76,44513304,1081592,12750456,8,8,32,0,13837688,13068,44512384,580,-400,99632,0,0,0,111956,106328,111956,-5628,36864,0,0,0,0,0,0,0,"2024-08-19 04:24:31,350"
0,-58490572,58490572,5048,1081668,57269116,76,44518188,1081592,12750928,8,8,0,0,13838124,13216,44517276,580,-400,99632,0,0,0,111956,106328,111956,-5628,40960,0,0,0,0,0,0,0,"2024-08-19 04:24:41,351"
0,-58557748,58557748,5048,1081668,57271140,76,44520028,1081592,12751112,8,8,16,0,13838308,13264,44519116,580,-400,99632,0,0,0,111956,106328,111956,-5628,36864,0,0,0,0,0,0,0,"2024-08-19 04:24:51,352"
0,-58544272,58544272,5048,1081668,57285756,76,44534496,1081592,12751260,8,8,20,0,13838456,13408,44533584,580,-400,99632,0,0,0,111956,106328,111956,-5628,36864,0,0,0,0,0,0,0,"2024-08-19 04:25:01,353"
0,-58560540,58560540,5064,1081668,57265364,76,44513824,1081592,12751540,8,8,248,0,13838752,13676,44512896,580,-400,99632,0,0,0,111956,106328,111956,-5628,38912,0,0,0,0,0,0,0,"2024-08-19 04:25:11,355"
0,-58580184,58580184,5180,1081668,57271112,76,44519544,1081592,12751568,8,8,216,0,13838896,13696,44518616,580,-400,99632,0,0,0,111956,106328,111956,-5628,36864,0,0,0,0,0,0,0,"2024-08-19 04:25:21,357"
0,-58562508,58562508,5180,1081668,57273404,76,44521800,1081592,12751604,8,8,240,0,13838932,13724,44520872,580,-400,99632,0,0,0,111956,106328,111956,-5628,36864,0,0,0,0,0,0,0,"2024-08-19 04:25:31,359"
0,-58530664,58530664,5180,1081668,57265680,76,44514072,1081592,12751608,8,8,28,0,13838936,13724,44513144,580,-400,99632,0,0,0,111956,106328,111956,-5628,36864,0,0,0,0,0,0,0,"2024-08-19 04:25:41,360"
0,-58543580,58543580,5180,1081668,57262412,76,44510796,1081592,12751616,8,8,36,0,13838944,13724,44509868,580,-400,99632,0,0,0,111956,106328,111956,-5628,36864,0,0,0,0,0,0,0,"2024-08-19 04:25:51,361"
0,-58526720,58526720,5180,1081668,57263164,76,44511544,1081592,12751620,8,8,0,0,13838948,13724,44510616,580,-400,99632,0,0,0,111956,106328,111956,-5628,36864,0,0,0,0,0,0,0,"2024-08-19 04:26:01,363"
0,-58557040,58557040,5276,1081668,57265492,76,44513864,1081592,12751628,8,8,24,0,13839052,13724,44512936,580,-400,99632,0,0,0,111956,106328,111956,-5628,36864,0,0,0,0,0,0,0,"2024-08-19 04:26:11,365"
0,-58534584,58534584,5276,1081668,57265288,76,44513656,1081592,12751632,8,8,28,0,13839056,13724,44512728,580,-400,99632,0,0,0,111956,106328,111956,-5628,36864,0,0,0,0,0,0,0,"2024-08-19 04:26:21,366"
0,-58555416,58555416,5276,1081668,57271896,76,44520256,1081592,12751640,8,8,36,0,13839064,13724,44519328,580,-400,99632,0,0,0,111956,106328,111956,-5628,36864,0,0,0,0,0,0,0,"2024-08-19 04:26:31,369"
0,-58507648,58507648,5280,1081668,57262720,76,44511076,1081592,12751644,8,8,0,0,13839072,13724,44510148,580,-400,99632,0,0,0,111956,106328,111956,-5628,36864,0,0,0,0,0,0,0,"2024-08-19 04:26:41,370"
0,-58532588,58532588,5280,1081668,57261012,76,44509360,1081592,12751652,8,8,24,0,13839080,13724,44508428,580,-400,99632,0,0,0,111956,106328,111956,-5628,36864,0,0,0,0,0,0,0,"2024-08-19 04:26:51,371"
0,-58551244,58551244,5280,1081668,57265200,76,44513544,1081592,12751656,8,8,28,0,13839084,13724,44512624,580,-400,99632,0,0,0,111956,106328,111956,-5628,36864,0,0,0,0,0,0,0,"2024-08-19 04:27:01,373"
0,-58539812,58539812,5280,1081668,57267784,76,44516108,1081592,12751676,8,8,36,0,13839104,13724,44515180,580,-400,99632,0,0,0,111956,106328,111956,-5628,36864,0,0,0,0,0,0,0,"2024-08-19 04:27:11,376"
0,-58551404,58551404,5280,1081668,57274024,76,44522344,1081592,12751680,8,8,0,0,13839108,13724,44521416,580,-400,99632,0,0,0,111956,106328,111956,-5628,36864,0,0,0,0,0,0,0,"2024-08-19 04:27:21,377"
0,-58553104,58553104,5280,1081668,57269336,76,44517644,1081592,12751692,8,8,24,0,13839120,13724,44516716,580,-400,99632,0,0,0,111956,106328,111956,-5628,36864,0,0,0,0,0,0,0,"2024-08-19 04:27:31,379"
0,-58548504,58548504,5280,1081668,57274220,76,44522524,1081592,12751696,8,8,28,0,13839124,13724,44521596,580,-400,99632,0,0,0,111956,106328,111956,-5628,36864,0,0,0,0,0,0,0,"2024-08-19 04:27:41,381"
0,-58553020,58553020,5280,1081668,57269288,76,44517584,1081592,12751704,8,8,36,0,13839132,13724,44516656,580,-400,99632,0,0,0,111956,106328,111956,-5628,36864,0,0,0,0,0,0,0,"2024-08-19 04:27:51,383"
0,-58533924,58533924,5284,1081668,57264648,76,44512936,1081592,12751712,8,8,0,0,13839144,13724,44512008,580,-400,99632,0,0,0,111956,106328,111956,-5628,36864,0,0,0,0,0,0,0,"2024-08-19 04:28:01,385"
0,-58532028,58532028,5288,1081668,57267684,76,44515968,1081592,12751716,8,8,20,0,13839152,13724,44515040,580,-400,99632,0,0,0,111956,106328,111956,-5628,36864,0,0,0,0,0,0,0,"2024-08-19 04:28:11,387"
0,-58540412,58540412,5288,1081668,57268160,76,44516436,1081592,12751724,8,8,28,0,13839160,13724,44515508,580,-400,99632,0,0,0,111956,106328,111956,-5628,36864,0,0,0,0,0,0,0,"2024-08-19 04:28:21,388"
0,-58553700,58553700,5288,1081668,57264720,76,44512992,1081592,12751728,8,8,32,0,13839164,13724,44512064,580,-400,99632,0,0,0,111956,106328,111956,-5628,36864,0,0,0,0,0,0,0,"2024-08-19 04:28:31,402"
0,-58537340,58537340,5288,1081668,57265188,76,44513452,1081592,12751736,8,8,0,0,13839172,13724,44512524,580,-400,99632,0,0,0,111956,106328,111956,-5628,36864,0,0,0,0,0,0,0,"2024-08-19 04:28:41,404"
0,-58527716,58527716,5288,1081668,57263152,76,44511412,1081592,12751740,8,8,20,0,13839176,13724,44510484,580,-400,99632,0,0,0,111956,106328,111956,-5628,36864,0,0,0,0,0,0,0,"2024-08-19 04:28:51,426"
0,-58540260,58540260,5288,1081668,57266080,76,44514332,1081592,12751748,8,8,28,0,13839184,13724,44513404,580,-400,99632,0,0,0,111956,106328,111956,-5628,36864,0,0,0,0,0,0,0,"2024-08-19 04:29:01,427"
0,-58531716,58531716,5288,1081668,57269496,76,44517744,1081592,12751752,8,8,32,0,13839192,13724,44516812,584,-400,99632,0,0,0,111956,106328,111956,-5628,36864,0,0,0,0,0,0,0,"2024-08-19 04:29:11,428"
0,-58544504,58544504,5288,1081668,57274284,76,44522524,1081592,12751760,8,8,0,0,13839200,13724,44521588,584,-400,99632,0,0,0,111956,106328,111956,-5628,36864,0,0,0,0,0,0,0,"2024-08-19 04:29:21,430"
0,-58574244,58574244,5288,1081668,57273476,76,44521712,1081592,12751764,8,8,20,0,13839204,13724,44520780,584,-400,99632,0,0,0,111956,106328,111956,-5628,36864,0,0,0,0,0,0,0,"2024-08-19 04:29:31,431"
0,-58544564,58544564,5288,1081668,57276272,76,44524500,1081592,12751772,8,8,28,0,13839212,13724,44523568,584,-400,99632,0,0,0,111956,106328,111956,-5628,36864,0,0,0,0,0,0,0,"2024-08-19 04:29:41,494"
0,-58541356,58541356,5288,1081668,57263428,76,44511652,1081592,12751776,8,8,0,0,13839212,13724,44510724,580,-400,99632,0,0,0,111956,106328,111956,-5628,36864,0,0,0,0,0,0,0,"2024-08-19 04:29:51,496"
0,-58519064,58519064,5288,1081668,57273220,76,44521436,1081592,12751784,8,8,24,0,13839220,13724,44520508,580,-400,99632,0,0,0,111956,106328,111956,-5628,36864,0,0,0,0,0,0,0,"2024-08-19 04:30:01,497"
0,-58555776,58555776,5288,1081668,57267016,76,44515228,1081592,12751788,8,8,32,0,13839224,13724,44514300,580,-400,99632,0,0,0,111956,106328,111956,-5628,36864,0,0,0,0,0,0,0,"2024-08-19 04:30:11,498"
0,-58525068,58525068,5288,1081668,57267876,76,44516080,1081592,12751796,8,8,40,0,13839232,13724,44515152,580,-400,99632,0,0,0,111956,106328,111956,-5628,36864,0,0,0,0,0,0,0,"2024-08-19 04:30:21,500"
0,-58535120,58535120,5288,1081668,57266136,76,44514332,1081592,12751804,8,8,4,0,13839240,13724,44513404,580,-400,99632,0,0,0,111956,106328,111956,-5628,36864,0,0,0,0,0,0,0,"2024-08-19 04:30:31,501"
0,-58529424,58529424,5288,1081668,57272096,76,44520288,1081592,12751808,8,8,20,0,13839248,13724,44519356,584,-400,99632,0,0,0,111956,106328,111956,-5628,36864,0,0,0,0,0,0,0,"2024-08-19 04:30:41,503"
0,-58555716,58555716,5288,1081668,57273060,76,44521244,1081592,12751816,8,8,0,0,13839252,13724,44520316,580,-400,99632,0,0,0,111956,106328,111956,-5628,36864,0,0,0,0,0,0,0,"2024-08-19 04:30:51,505"
0,-58545352,58545352,5288,1081668,57265760,76,44513940,1081592,12751820,8,8,0,0,13839256,13724,44513012,580,-400,99632,0,0,0,111956,106328,111956,-5628,36864,0,0,0,0,0,0,0,"2024-08-19 04:31:01,507"
0,-58538348,58538348,5288,1081668,57268524,76,44516696,1081592,12751828,8,8,0,0,13839264,13724,44515768,580,-400,99632,0,0,0,111956,106328,111956,-5628,36864,0,0,0,0,0,0,0,"2024-08-19 04:31:11,509"
0,-58537780,58537780,5288,1081668,57270624,76,44518784,1081592,12751840,8,8,0,0,13839276,13724,44517856,580,-400,99632,0,0,0,111956,106328,111956,-5628,36864,0,0,0,0,0,0,0,"2024-08-19 04:31:21,510"
0,-58559668,58559668,5288,1081668,57269816,76,44517968,1081592,12751848,8,8,0,0,13839284,13724,44517040,580,-400,99632,0,0,0,111956,106328,111956,-5628,36864,0,0,0,0,0,0,0,"2024-08-19 04:31:31,512"
0,-58562040,58562040,5288,1081668,57268436,76,44516584,1081592,12751852,8,8,0,0,13839288,13724,44515656,580,-400,99632,0,0,0,111956,106328,111956,-5628,36864,0,0,0,0,0,0,0,"2024-08-19 04:31:41,514"
0,-58551704,58551704,5288,1081668,57270760,76,44518900,1081592,12751860,8,8,0,0,13839296,13724,44517972,580,-400,99632,0,0,0,111956,106328,111956,-5628,36864,0,0,0,0,0,0,0,"2024-08-19 04:31:51,515"
0,-58542800,58542800,5288,1081668,57271852,76,44519988,1081592,12751864,8,8,0,0,13839308,13724,44519052,588,-400,99632,0,0,0,111956,106328,111956,-5628,34816,0,0,0,0,0,0,0,"2024-08-19 04:32:01,517"
0,-58535324,58535324,5288,1081668,57265260,76,44513388,1081592,12751872,8,8,0,0,13839320,13724,44512448,592,-400,99632,0,0,0,111956,106328,111956,-5628,36864,0,0,0,0,0,0,0,"2024-08-19 04:32:11,518"
0,-58525960,58525960,5288,1081668,57272684,76,44520808,1081592,12751876,8,8,0,0,13839324,13724,44519868,592,-400,99632,0,0,0,111956,106328,111956,-5628,36864,0,0,0,0,0,0,0,"2024-08-19 04:32:21,520"
0,-58538644,58538644,5288,1081668,57267168,76,44515284,1081592,12751884,8,8,0,0,13839332,13724,44514344,592,-400,99632,0,0,0,111956,106328,111956,-5628,36864,0,0,0,0,0,0,0,"2024-08-19 04:32:31,522"
0,-58534912,58534912,5288,1081668,57265192,76,44513304,1081592,12751888,8,8,0,0,13839336,13724,44512364,592,-400,99632,0,0,0,111956,106328,111956,-5628,36864,0,0,0,0,0,0,0,"2024-08-19 04:32:41,523"
0,-58528748,58528748,5288,1081668,57263024,76,44511128,1081592,12751896,8,8,0,0,13839332,13724,44510200,580,-400,99632,0,0,0,111956,106328,111956,-5628,36864,0,0,0,0,0,0,0,"2024-08-19 04:32:51,525"
0,-58541616,58541616,5288,1081668,57264072,76,44512168,1081592,12751904,8,8,0,0,13839340,13724,44511240,580,-400,99632,0,0,0,111956,106328,111956,-5628,36864,0,0,0,0,0,0,0,"2024-08-19 04:33:01,527"
0,-58551764,58551764,5288,1081668,57267380,76,44515472,1081592,12751908,8,8,0,0,13839356,13724,44514532,592,-400,99632,0,0,0,111956,106328,111956,-5628,36864,0,0,0,0,0,0,0,"2024-08-19 04:33:11,529"
0,-58549712,58549712,5288,1081668,57268828,76,44516912,1081592,12751916,8,8,0,0,13839364,13724,44515972,592,-400,99632,0,0,0,111956,106328,111956,-5628,36864,0,0,0,0,0,0,0,"2024-08-19 04:33:21,530"
0,-58548064,58548064,5288,1081668,57266980,76,44515060,1081592,12751920,8,8,0,0,13839368,13724,44514120,592,-400,99632,0,0,0,111956,106328,111956,-5628,36864,0,0,0,0,0,0,0,"2024-08-19 04:33:31,532"
0,-58549140,58549140,5288,1081668,57273176,76,44521248,1081592,12751928,8,8,0,0,13839376,13724,44520308,592,-400,99632,0,0,0,111956,106328,111956,-5628,36864,0,0,0,0,0,0,0,"2024-08-19 04:33:41,534"
0,-58547828,58547828,5288,1081668,57271388,76,44519456,1081592,12751932,8,8,0,0,13839368,13724,44518528,580,-400,99632,0,0,0,111956,106328,111956,-5628,36864,0,0,0,0,0,0,0,"2024-08-19 04:33:51,536"
0,-58536992,58536992,5288,1081668,57262740,76,44510800,1081592,12751940,8,8,0,0,13839388,13724,44509856,592,-400,99632,0,0,0,111956,106328,111956,-5628,36864,0,0,0,0,0,0,0,"2024-08-19 04:34:01,537"
0,-58551196,58551196,5288,1081668,57264000,76,44512056,1081592,12751944,8,8,0,0,13839392,13724,44511112,592,-400,99632,0,0,0,111956,106328,111956,-5628,36864,0,0,0,0,0,0,0,"2024-08-19 04:34:11,539"
0,-58545736,58545736,5288,1081668,57267772,76,44515820,1081592,12751952,8,8,0,0,13839400,13724,44514876,592,-400,99632,0,0,0,111956,106328,111956,-5628,36864,0,0,0,0,0,0,0,"2024-08-19 04:34:21,541"
0,-58553372,58553372,5288,1081668,57260344,76,44508388,1081592,12751956,8,8,0,0,13839404,13724,44507448,592,-400,99632,0,0,0,111956,106328,111956,-5628,36864,0,0,0,0,0,0,0,"2024-08-19 04:34:31,543"
0,-58540620,58540620,5288,1081668,57261372,76,44509408,1081592,12751964,8,8,0,0,13839412,13724,44508468,592,-400,99632,0,0,0,111956,106328,111956,-5628,36864,0,0,0,0,0,0,0,"2024-08-19 04:34:41,544"
0,-58547592,58547592,5288,1081668,57266048,76,44514080,1081592,12751968,8,8,0,0,13839412,13724,44513144,588,-400,99632,0,0,0,111956,106328,111956,-5628,36864,0,0,0,0,0,0,0,"2024-08-19 04:34:51,546"
0,-58538000,58538000,5288,1081668,57262520,76,44510544,1081592,12751976,8,8,0,0,13839424,13724,44509604,592,-400,99632,0,0,0,111956,106328,111956,-5628,36864,0,0,0,0,0,0,0,"2024-08-19 04:35:01,548"
0,-58522696,58522696,5288,1081668,57259660,76,44507672,1081592,12751988,8,8,16,0,13839436,13728,44506732,592,-400,99632,0,0,0,111956,106328,111956,-5628,36864,0,0,0,0,0,0,0,"2024-08-19 04:35:11,550"
0,-58541864,58541864,5288,1081668,57263304,76,44511308,1081592,12751996,8,8,24,0,13839444,13728,44510368,592,-400,99632,0,0,0,111956,106328,111956,-5628,36864,0,0,0,0,0,0,0,"2024-08-19 04:35:21,551"
0,-58539864,58539864,5288,1081668,57269340,76,44517320,1081592,12752020,8,8,0,0,13839468,13728,44516384,592,-400,99632,0,0,0,111956,106328,111956,-5628,36864,0,0,0,0,0,0,0,"2024-08-19 04:35:31,553"
0,-58550360,58550360,5288,1081668,57260676,76,44508652,1081592,12752024,8,8,20,0,13839472,13728,44507712,592,-400,99632,0,0,0,111956,106328,111956,-5628,36864,0,0,0,0,0,0,0,"2024-08-19 04:35:41,555"
0,-58540908,58540908,5288,1081668,57267540,76,44515508,1081592,12752032,8,8,28,0,13839468,13728,44514580,580,-400,99632,0,0,0,111956,106328,111956,-5628,36864,0,0,0,0,0,0,0,"2024-08-19 04:35:51,556"
0,-58540524,58540524,5288,1081668,57269972,76,44517936,1081592,12752036,8,8,32,0,13839484,13728,44516992,592,-400,99632,0,0,0,111956,106328,111956,-5628,36864,0,0,0,0,0,0,0,"2024-08-19 04:36:01,558"
0,-58553828,58553828,5288,1081668,57269060,76,44517016,1081592,12752044,8,8,0,0,13839492,13728,44516076,592,-400,99632,0,0,0,111956,106328,111956,-5628,36864,0,0,0,0,0,0,0,"2024-08-19 04:36:11,560"
0,-58544760,58544760,5288,1081668,57267020,76,44514972,1081592,12752048,8,8,20,0,13839496,13728,44514032,592,-400,99632,0,0,0,111956,106328,111956,-5628,36864,0,0,0,0,0,0,0,"2024-08-19 04:36:21,562"
0,-58554924,58554924,5288,1081668,57275832,76,44523776,1081592,12752056,8,8,28,0,13839504,13728,44522836,592,-400,99632,0,0,0,111956,106328,111956,-5628,36864,0,0,0,0,0,0,0,"2024-08-19 04:36:31,563"
0,-58537512,58537512,5288,1081668,57260332,76,44508272,1081592,12752060,8,8,32,0,13839508,13728,44507332,592,-400,99632,0,0,0,111956,106328,111956,-5628,36864,0,0,0,0,0,0,0,"2024-08-19 04:36:41,565"
0,-58536368,58536368,5288,1081668,57261796,76,44509728,1081592,12752068,8,8,0,0,13839504,13728,44508800,580,-400,99632,0,0,0,111956,106328,111956,-5628,36864,0,0,0,0,0,0,0,"2024-08-19 04:36:51,567"
0,-58545476,58545476,5288,1081668,57265224,76,44513152,1081592,12752072,8,8,20,0,13839516,13728,44512220,588,-400,99632,0,0,0,111956,106328,111956,-5628,36864,0,0,0,0,0,0,0,"2024-08-19 04:37:01,569"
0,-58536572,58536572,5288,1081668,57268800,76,44516720,1081592,12752080,8,8,0,0,13839528,13728,44515780,592,-400,99632,0,0,0,111956,106328,111956,-5628,36864,0,0,0,0,0,0,0,"2024-08-19 04:37:11,570"
0,-58525400,58525400,5288,1081668,57258356,76,44506272,1081592,12752084,8,8,20,0,13839532,13728,44505332,592,-400,99632,0,0,0,111956,106328,111956,-5628,36864,0,0,0,0,0,0,0,"2024-08-19 04:37:21,572"
0,-58543156,58543156,5288,1081668,57264504,76,44512412,1081592,12752092,8,8,28,0,13839540,13728,44511472,592,-400,99632,0,0,0,111956,106328,111956,-5628,36864,0,0,0,0,0,0,0,"2024-08-19 04:37:31,574"
0,-58534052,58534052,5288,1081668,57263880,76,44511784,1081592,12752096,8,8,32,0,13839544,13728,44510844,592,-400,99632,0,0,0,111956,106328,111956,-5628,36864,0,0,0,0,0,0,0,"2024-08-19 04:37:41,575"
0,-58546060,58546060,5288,1081668,57262120,76,44510016,1081592,12752104,8,8,0,0,13839552,13728,44509076,592,-400,99632,0,0,0,111956,106328,111956,-5628,36864,0,0,0,0,0,0,0,"2024-08-19 04:37:51,577"
0,-58532872,58532872,5288,1081668,57264580,76,44512468,1081592,12752112,8,8,24,0,13839560,13728,44511528,592,-400,99632,0,0,0,111956,106328,111956,-5628,36864,0,0,0,0,0,0,0,"2024-08-19 04:38:01,579"
0,-58530284,58530284,5288,1081668,57265820,76,44513704,1081592,12752116,8,8,28,0,13839564,13728,44512764,592,-400,99632,0,0,0,111956,106328,111956,-5628,36864,0,0,0,0,0,0,0,"2024-08-19 04:38:11,581"
0,-58547272,58547272,5288,1081668,57276852,76,44524728,1081592,12752124,8,8,0,0,13839572,13728,44523788,592,-400,99632,0,0,0,111956,106328,111956,-5628,36864,0,0,0,0,0,0,0,"2024-08-19 04:38:21,609"
0,-58533576,58533576,5288,1081668,57263636,76,44511508,1081592,12752128,8,8,20,0,13839576,13728,44510568,592,-400,99632,0,0,0,111956,106328,111956,-5628,36864,0,0,0,0,0,0,0,"2024-08-19 04:38:31,618"
0,-58542288,58542288,5288,1081668,57265244,76,44513108,1081592,12752136,8,8,0,0,13839584,13728,44512164,592,-400,99632,0,0,0,111956,106328,111956,-5628,36864,0,0,0,0,0,0,0,"2024-08-19 04:38:41,619"
0,-58544408,58544408,5288,1081668,57259200,76,44507060,1081592,12752140,8,8,20,0,13839576,13728,44506132,580,-400,99632,0,0,0,111956,106328,111956,-5628,36864,0,0,0,0,0,0,0,"2024-08-19 04:38:51,621"
0,-58540260,58540260,5288,1081668,57270788,76,44518640,1081592,12752148,8,8,28,0,13839596,13940,44517700,592,-400,99632,0,0,0,111956,106328,111956,-5628,36864,0,0,0,0,0,0,0,"2024-08-19 04:39:01,622"
0,-58545636,58545636,5288,1081668,57264360,76,44512072,1081592,12752288,8,8,52,0,13839736,13804,44511132,592,-400,99632,0,0,0,111956,106328,111956,-5628,36864,0,0,0,0,0,0,0,"2024-08-19 04:39:11,624"
0,-58537488,58537488,5288,1081668,57259344,76,44507048,1081592,12752296,8,8,0,0,13839744,13804,44506108,592,-400,99632,0,0,0,111956,106328,111956,-5628,36864,0,0,0,0,0,0,0,"2024-08-19 04:39:21,626"
0,-58499108,58499108,5288,1088180,57216384,84,44470592,1088096,12745792,8,8,208,0,13839744,15496,44469660,592,-400,99632,0,0,0,111956,106328,111956,-5628,0,0,0,0,0,0,0,0,"2024-08-19 04:39:31,627"
0,-58498008,58498008,5288,1088420,57216248,84,44470688,1088336,12745560,8,8,20,0,13839752,15072,44469756,592,-400,99632,0,0,0,111956,106328,111956,-5628,0,0,0,0,0,0,0,0,"2024-08-19 04:39:41,628"
0,-58496748,58496748,5288,1088420,57216228,84,44470668,1088336,12745560,8,8,20,0,13839740,15072,44469748,580,-400,99632,0,0,0,111956,106328,111956,-5628,0,0,0,0,0,0,0,0,"2024-08-19 04:39:51,629"
0,-58496496,58496496,5288,1088420,57216228,84,44470668,1088336,12745560,8,8,0,0,13839740,15072,44469748,580,-400,99632,0,0,0,111956,106328,111956,-5628,0,0,0,0,0,0,0,0,"2024-08-19 04:40:01,630"
0,-58495992,58495992,5288,1088420,57216228,84,44470668,1088336,12745560,8,8,12,0,13839740,15072,44469748,580,-400,99632,0,0,0,111956,106328,111956,-5628,0,0,0,0,0,0,0,0,"2024-08-19 04:40:11,631"
0,-58495992,58495992,5288,1088420,57216228,84,44470668,1088336,12745560,8,8,12,0,13839740,15072,44469748,580,-400,99632,0,0,0,111956,106328,111956,-5628,0,0,0,0,0,0,0,0,"2024-08-19 04:40:21,632"
0,-58506024,58506024,5288,1088472,57215684,88,44470172,1088384,12745512,8,8,12,0,13839740,14000,44469288,580,-160,99632,0,0,0,111956,108204,111956,-3752,0,0,0,0,0,0,0,0,"2024-08-19 04:40:31,633"
0,-58504256,58504256,5288,1088472,57215624,88,44470112,1088384,12745512,8,8,36,0,13839740,14000,44469196,580,-160,99632,0,0,0,111956,108204,111956,-3752,0,0,0,0,0,0,0,0,"2024-08-19 04:40:41,635"
0,-58503012,58503012,5288,1088472,57215624,88,44470112,1088384,12745512,8,8,48,0,13839740,14000,44469196,580,-160,99632,0,0,0,111956,108204,111956,-3752,0,0,0,0,0,0,0,0,"2024-08-19 04:40:51,636"
0,-58502256,58502256,5288,1088472,57215620,88,44470108,1088384,12745512,8,8,48,0,13839740,14000,44469192,580,-160,99632,0,0,0,111956,108204,111956,-3752,0,0,0,0,0,0,0,0,"2024-08-19 04:41:01,637"
