Node 0 MemTotal,Node 0 MemFree,Node 0 MemUsed,Node 0 SwapCached,Node 0 Active,Node 0 Inactive,Node 0 Active(anon),Node 0 Inactive(anon),Node 0 Active(file),Node 0 Inactive(file),Node 0 Unevictable,Node 0 Mlocked,Node 0 Dirty,Node 0 Writeback,Node 0 FilePages,Node 0 Mapped,Node 0 AnonPages,Node 0 Shmem,Node 0 KernelStack,Node 0 PageTables,Node 0 NFS_Unstable,Node 0 Bounce,Node 0 WritebackTmp,Node 0 KReclaimable,Node 0 Slab,Node 0 SReclaimable,Node 0 SUnreclaim,Node 0 AnonHugePages,Node 0 ShmemHugePages,Node 0 ShmemPmdMapped,Node 0 FileHugePages,Node 0 FilePmdMapped,Node 0 HugePages_Total,Node 0 HugePages_Free,Node 0 HugePages_Surp,timestamp
7768248,6197972,1570276,0,196540,584468,476,70500,196064,513968,4416,1344,8,0,715808,95592,70048,4052,6664,4900,0,0,0,68616,159960,68616,91344,0,0,0,0,0,0,0,0,"2024-08-19 03:19:29,857"
7768248,72120,7696128,2904,5412,6930720,880,6929784,4532,936,4416,1344,28,0,13548,4628,6927368,3744,6200,21532,0,0,0,39532,130848,39532,91316,0,0,0,0,0,0,0,0,"2024-08-19 03:19:39,880"
7768248,69880,7698368,2912,6672,6930732,880,6929788,5792,944,4416,1344,4,0,14776,5788,6927384,3744,6200,21532,0,0,0,39536,130884,39536,91348,0,0,0,0,0,0,0,0,"2024-08-19 03:19:49,882"
7768248,69880,7698368,2916,6672,6930732,880,6929788,5792,944,4416,1344,0,0,14780,5788,6927404,3744,6184,21532,0,0,0,39536,130884,39536,91348,0,0,0,0,0,0,0,0,"2024-08-19 03:19:59,883"
7768248,69912,7698336,2916,6672,6930732,880,6929788,5792,944,4416,1344,0,0,14780,5788,6927416,3744,6184,21532,0,0,0,39536,130852,39536,91316,0,0,0,0,0,0,0,0,"2024-08-19 03:20:09,885"
7768248,69912,7698336,2916,6672,6930732,880,6929788,5792,944,4416,1344,0,0,14780,5788,6927436,3744,6184,21532,0,0,0,39536,130852,39536,91316,0,0,0,0,0,0,0,0,"2024-08-19 03:20:19,886"
7768248,69660,7698588,2928,6728,6930736,880,6929792,5848,944,4416,1344,0,0,14872,5852,6927464,3744,6184,21532,0,0,0,39536,130852,39536,91316,0,0,0,0,0,0,0,0,"2024-08-19 03:20:29,887"
7768248,64128,7704120,3188,7208,6933420,864,6920724,6344,12696,4416,1344,0,0,27448,5996,6918244,3744,6232,21560,0,0,0,39584,130892,39584,91308,0,0,0,0,0,0,0,0,"2024-08-19 03:20:39,889"
7768248,64128,7704120,3188,7228,6933420,864,6920724,6364,12696,4416,1344,0,0,27448,5996,6918248,3744,6232,21560,0,0,0,39584,130892,39584,91308,0,0,0,0,0,0,0,0,"2024-08-19 03:20:49,890"
7768248,64384,7703864,3188,7228,6933420,864,6920724,6364,12696,4416,1344,0,0,27448,5996,6918248,3744,6232,21560,0,0,0,39576,130884,39576,91308,0,0,0,0,0,0,0,0,"2024-08-19 03:20:59,892"
7768248,62636,7705612,3192,9816,6933712,864,6920992,8952,12720,4416,1344,0,0,30336,8032,6918332,3744,6200,21560,0,0,0,39328,130636,39328,91308,0,0,0,0,0,0,0,0,"2024-08-19 03:21:09,894"
7768248,62644,7705604,3192,9836,6933712,864,6920992,8972,12720,4416,1344,0,0,30336,8032,6918332,3744,6200,21560,0,0,0,39328,130636,39328,91308,0,0,0,0,0,0,0,0,"2024-08-19 03:21:19,895"
7768248,62644,7705604,3192,9836,6933712,864,6920992,8972,12720,4416,1344,0,0,30336,8032,6918332,3744,6200,21560,0,0,0,39328,130636,39328,91308,0,0,0,0,0,0,0,0,"2024-08-19 03:21:29,896"
7768248,70872,7697376,2952,10344,6929420,868,6911608,9476,17812,4416,1344,0,0,35632,7896,6909188,3744,6200,21560,0,0,0,38412,129720,38412,91308,0,0,0,0,0,0,0,0,"2024-08-19 03:21:39,898"
7768248,6968936,799312,200,10212,47104,680,29292,9532,17812,4416,1344,4,0,32880,7892,29128,3744,6192,5056,0,0,0,38220,129528,38220,91308,0,0,0,0,0,0,0,0,"2024-08-19 03:21:49,899"
7768248,6951192,817056,208,19088,49024,672,29860,18416,19164,4416,1344,320,0,42960,14692,29804,3744,6208,5360,0,0,0,38036,129040,38036,91004,0,0,0,0,0,0,0,0,"2024-08-19 03:22:00,643"
7768248,6953548,814700,208,19480,48624,664,29404,18816,19220,4416,1344,80,0,43412,15072,29340,3744,6224,5056,0,0,0,37976,128880,37976,90904,0,0,0,0,0,0,0,0,"2024-08-19 03:22:10,645"
7768248,6953072,815176,212,19560,48664,664,29440,18896,19224,4416,1344,0,0,43532,15116,29356,3744,6224,5056,0,0,0,37976,128872,37976,90896,0,0,0,0,0,0,0,0,"2024-08-19 03:22:20,646"
7768248,6952600,815648,212,19560,48664,664,29440,18896,19224,4416,1344,0,0,43540,15116,29368,3744,6224,5056,0,0,0,37976,128880,37976,90904,0,0,0,0,0,0,0,0,"2024-08-19 03:22:30,647"
7768248,6951776,816472,224,19924,48496,668,29260,19256,19236,4416,1344,4,0,44024,15420,29176,3744,6240,5056,0,0,0,37976,128864,37976,90888,0,0,0,0,0,0,0,0,"2024-08-19 03:22:40,648"
7768248,1547760,6220488,2332,21260,5450112,664,5382664,20596,67448,4416,1344,4,0,95464,20652,5382020,3744,6736,6320,0,0,0,37976,128932,37976,90956,40960,0,0,0,0,0,0,0,"2024-08-19 03:22:50,650"
7768248,67876,7700372,104,5633196,1315876,5632164,1315100,1032,776,4416,1344,0,0,6580,2272,6947336,3600,6736,6340,0,0,0,37112,128068,37112,90956,4096,0,0,0,0,0,0,0,"2024-08-19 03:23:00,652"
7768248,67340,7700908,16,6084168,865124,6083396,864492,772,632,4416,1344,0,0,5964,2136,6947880,3200,6736,6340,0,0,0,36848,127804,36848,90956,4096,0,0,0,0,0,0,0,"2024-08-19 03:23:10,654"
7768248,61624,7706624,16,6075984,884612,6075208,883964,776,648,4416,1344,4,0,5984,2124,6958936,3200,6736,6340,0,0,0,36848,127804,36848,90956,4096,0,0,0,0,0,0,0,"2024-08-19 03:23:20,656"
7768248,63888,7704360,16,6084172,870024,6083400,869372,772,652,4416,1344,0,0,5988,2124,6952716,3204,6736,6340,0,0,0,36848,127812,36848,90964,4096,0,0,0,0,0,0,0,"2024-08-19 03:23:30,658"
7768248,68564,7699684,16,6072808,877836,6072040,877180,768,656,4416,1344,0,0,6000,2124,6949564,3216,6736,6340,0,0,0,36848,127808,36848,90960,4096,0,0,0,0,0,0,0,"2024-08-19 03:23:40,659"
7768248,60592,7707656,12,6099024,859980,6098256,859324,768,656,4416,1344,0,0,5980,2124,6957616,3200,6736,6340,0,0,0,36848,127808,36848,90960,4096,0,0,0,0,0,0,0,"2024-08-19 03:23:50,662"
7768248,63156,7705092,12,6097248,860148,6096476,859496,772,652,4416,1344,0,0,5984,2124,6955912,3204,6736,6340,0,0,0,36848,127808,36848,90960,4096,0,0,0,0,0,0,0,"2024-08-19 03:24:00,664"
7768248,65576,7702672,12,6090384,862736,6089608,862088,776,648,4416,1344,0,0,5980,2124,6951672,3200,6736,6340,0,0,0,36848,127808,36848,90960,4096,0,0,0,0,0,0,0,"2024-08-19 03:24:10,665"
7768248,61260,7706988,12,6122568,834436,6121796,833784,772,652,4416,1344,0,0,5984,2124,6955632,3204,6736,6340,0,0,0,36848,127808,36848,90960,4096,0,0,0,0,0,0,0,"2024-08-19 03:24:20,667"
7768248,59328,7708920,12,6117664,842512,6116888,841864,776,648,4416,1344,0,0,5984,2124,6958780,3204,6736,6340,0,0,0,36848,127808,36848,90960,4096,0,0,0,0,0,0,0,"2024-08-19 03:24:30,669"
7768248,60340,7707908,12,6096400,860732,6095628,860080,772,652,4416,1344,0,0,5984,2124,6955916,3204,6736,6340,0,0,0,36848,127808,36848,90960,4096,0,0,0,0,0,0,0,"2024-08-19 03:24:40,672"
7768248,62752,7705496,12,6078132,877420,6077364,876764,768,656,4416,1344,0,0,5980,2124,6954188,3200,6736,6340,0,0,0,36848,127808,36848,90960,4096,0,0,0,0,0,0,0,"2024-08-19 03:24:50,674"
7768248,60796,7707452,12,6077176,880560,6076408,879904,768,656,4416,1344,0,0,5984,2124,6956344,3204,6736,6340,0,0,0,36848,127808,36848,90960,4096,0,0,0,0,0,0,0,"2024-08-19 03:25:00,675"
7768248,62144,7706104,12,6086108,867360,6085392,866848,716,512,4416,1344,12,0,5776,1920,6952492,3192,6736,6340,0,0,0,36808,127800,36808,90992,4096,0,0,0,0,0,0,0,"2024-08-19 03:25:10,678"
7768248,61140,7707108,12,6081320,873764,6080608,873248,712,516,4416,1344,0,0,5776,1920,6954064,3192,6736,6340,0,0,0,36812,127804,36812,90992,4096,0,0,0,0,0,0,0,"2024-08-19 03:25:20,680"
7768248,60768,7707480,12,6093940,861764,6093224,861252,716,512,4416,1344,0,0,5780,1920,6954480,3196,6736,6340,0,0,0,36812,127804,36812,90992,4096,0,0,0,0,0,0,0,"2024-08-19 03:25:30,682"
7768248,63724,7704524,12,6085084,872492,6084368,871980,716,512,4416,1344,0,0,5784,1920,6956396,3200,6736,6340,0,0,0,36812,127800,36812,90988,4096,0,0,0,0,0,0,0,"2024-08-19 03:25:40,684"
7768248,65456,7702792,12,6085884,870508,6085168,869996,716,512,4416,1344,0,0,5784,1920,6955352,3200,6736,6340,0,0,0,36812,127800,36812,90988,4096,0,0,0,0,0,0,0,"2024-08-19 03:25:50,686"
7768248,65232,7703016,12,6076660,878456,6075948,877928,712,528,4416,1344,0,0,5800,1904,6954036,3204,6736,6340,0,0,0,36812,127800,36812,90988,4096,0,0,0,0,0,0,0,"2024-08-19 03:26:00,687"
7768248,66608,7701640,12,6101440,853560,6100724,853036,716,524,4416,1344,0,0,5796,1904,6954000,3200,6736,6340,0,0,0,36812,127800,36812,90988,4096,0,0,0,0,0,0,0,"2024-08-19 03:26:10,689"
7768248,64024,7704224,12,6071236,884504,6070524,883976,712,528,4416,1344,0,0,5796,1904,6954580,3200,6736,6340,0,0,0,36812,127800,36812,90988,4096,0,0,0,0,0,0,0,"2024-08-19 03:26:20,690"
7768248,61452,7706796,12,6098100,860404,6097380,859884,720,520,4416,1344,0,0,5800,1904,6957488,3204,6736,6340,0,0,0,36812,127800,36812,90988,4096,0,0,0,0,0,0,0,"2024-08-19 03:26:30,693"
7768248,60628,7707620,12,6084084,874820,6083368,874296,716,524,4416,1344,0,0,5804,1904,6957572,3208,6736,6340,0,0,0,36812,127800,36812,90988,4096,0,0,0,0,0,0,0,"2024-08-19 03:26:40,695"
7768248,62992,7705256,12,6096164,860436,6095452,859908,712,528,4416,1344,0,0,5796,1904,6955580,3200,6736,6340,0,0,0,36812,127800,36812,90988,4096,0,0,0,0,0,0,0,"2024-08-19 03:26:50,697"
7768248,60876,7707372,12,6093604,864020,6092892,863492,712,528,4416,1344,0,0,5800,1896,6956440,3204,6736,6340,0,0,0,36812,127800,36812,90988,4096,0,0,0,0,0,0,0,"2024-08-19 03:27:00,699"
7768248,60556,7707692,12,6098320,861088,6097608,860560,712,528,4416,1344,0,0,5796,1896,6958052,3200,6736,6340,0,0,0,36812,127800,36812,90988,4096,0,0,0,0,0,0,0,"2024-08-19 03:27:10,701"
7768248,62480,7705768,12,6081968,876252,6081244,875736,724,516,4416,1344,0,0,5796,1896,6956944,3200,6704,6340,0,0,0,36812,127800,36812,90988,4096,0,0,0,0,0,0,0,"2024-08-19 03:27:20,703"
7768248,62036,7706212,12,6101888,855168,6101172,854644,716,524,4416,1344,0,0,5800,1896,6955508,3204,6704,6340,0,0,0,36812,127800,36812,90988,4096,0,0,0,0,0,0,0,"2024-08-19 03:27:30,704"
7768248,60688,7707560,12,6095140,864260,6094428,863732,712,528,4416,1344,0,0,5804,1896,6958416,3208,6704,6340,0,0,0,36812,127800,36812,90988,4096,0,0,0,0,0,0,0,"2024-08-19 03:27:40,706"
7768248,61640,7706608,12,6095560,862472,6094848,861944,712,528,4416,1344,0,0,5796,1896,6956704,3200,6688,6340,0,0,0,36812,127768,36812,90956,4096,0,0,0,0,0,0,0,"2024-08-19 03:27:50,708"
7768248,61412,7706836,12,6090876,868308,6090168,867776,708,532,4416,1344,0,0,5800,1896,6958072,3204,6688,6340,0,0,0,36812,127768,36812,90956,4096,0,0,0,0,0,0,0,"2024-08-19 03:28:00,710"
7768248,59592,7708656,12,6092612,866248,6091892,865728,720,520,4416,1344,0,0,5796,1896,6957748,3200,6688,6340,0,0,0,36812,127768,36812,90956,4096,0,0,0,0,0,0,0,"2024-08-19 03:28:10,712"
7768248,63220,7705028,12,6093532,863772,6092816,863248,716,524,4416,1344,0,0,5796,1896,6955964,3200,6688,6340,0,0,0,36812,127768,36812,90956,4096,0,0,0,0,0,0,0,"2024-08-19 03:28:20,714"
7768248,61452,7706796,12,6095148,863824,6094432,863300,716,524,4416,1344,0,0,5800,1896,6957628,3204,6688,6340,0,0,0,36812,127768,36812,90956,4096,0,0,0,0,0,0,0,"2024-08-19 03:28:30,716"
7768248,58312,7709936,12,6089152,870156,6088432,869636,720,520,4416,1344,0,0,5804,1896,6957948,3208,6688,6340,0,0,0,36812,127768,36812,90956,4096,0,0,0,0,0,0,0,"2024-08-19 03:28:40,718"
7768248,60568,7707680,12,6086452,874036,6085732,873516,720,520,4416,1344,0,0,5796,1896,6959444,3200,6688,6340,0,0,0,36812,127768,36812,90956,4096,0,0,0,0,0,0,0,"2024-08-19 03:28:50,719"
7768248,59580,7708668,12,6093348,869028,6092632,868504,716,524,4416,1344,0,0,5800,1896,6961012,3204,6688,6340,0,0,0,36812,127768,36812,90956,4096,0,0,0,0,0,0,0,"2024-08-19 03:29:00,738"
7768248,62408,7705840,12,6108340,849280,6107628,848752,712,528,4416,1344,0,0,5796,1896,6956356,3200,6688,6340,0,0,0,36816,127772,36816,90956,4096,0,0,0,0,0,0,0,"2024-08-19 03:29:10,740"
7768248,61496,7706752,12,6087012,870980,6086300,870452,712,528,4416,1344,0,0,5796,1896,6956448,3200,6688,6340,0,0,0,36816,127772,36816,90956,4096,0,0,0,0,0,0,0,"2024-08-19 03:29:20,742"
7768248,60012,7708236,40,6088136,870688,6087296,869908,840,780,4416,1344,8,0,6088,2288,6957292,3208,6704,6340,0,0,0,36816,127752,36816,90936,4096,0,0,0,0,0,0,0,"2024-08-19 03:29:30,743"
7768248,59664,7708584,8,6098388,861240,6097668,860696,720,544,4416,1344,0,0,5828,1916,6958356,3212,6704,6340,0,0,0,36816,127752,36816,90936,4096,0,0,0,0,0,0,0,"2024-08-19 03:29:40,745"
7768248,57804,7710444,8,6087916,872976,6087196,872432,720,544,4416,1344,0,0,5824,1916,6959756,3208,6704,6340,0,0,0,36816,127752,36816,90936,4096,0,0,0,0,0,0,0,"2024-08-19 03:29:50,747"
7768248,59036,7709212,8,6087628,872096,6086900,871560,728,536,4416,1344,0,0,5828,1916,6958444,3212,6704,6340,0,0,0,36816,127752,36816,90936,4096,0,0,0,0,0,0,0,"2024-08-19 03:30:00,749"
7768248,67892,7700356,8,6104312,845752,6103588,845212,724,540,4416,1344,0,0,5824,1916,6948924,3208,6704,6340,0,0,0,36816,127752,36816,90936,4096,0,0,0,0,0,0,0,"2024-08-19 03:30:10,751"
7768248,64476,7703772,8,6088052,866688,6087328,866148,724,540,4416,1344,0,0,5824,1916,6953264,3208,6704,6340,0,0,0,36816,127752,36816,90936,4096,0,0,0,0,0,0,0,"2024-08-19 03:30:20,753"
7768248,59916,7708332,8,6098404,861112,6097684,860568,720,544,4416,1344,0,0,5828,1916,6958188,3212,6704,6340,0,0,0,36816,127752,36816,90936,4096,0,0,0,0,0,0,0,"2024-08-19 03:30:30,755"
7768248,69084,7699164,8,6083236,867596,6082512,867056,724,540,4416,1344,0,0,5828,1916,6949336,3212,6704,6340,0,0,0,36816,127752,36816,90936,4096,0,0,0,0,0,0,0,"2024-08-19 03:30:40,757"
7768248,66348,7701900,8,6087948,864916,6087220,864380,728,536,4416,1344,0,0,5824,1916,6951768,3208,6704,6340,0,0,0,36816,127752,36816,90936,4096,0,0,0,0,0,0,0,"2024-08-19 03:30:50,758"
7768248,58760,7709488,8,6081608,880028,6080888,879484,720,544,4416,1344,0,0,5828,1916,6960652,3212,6704,6340,0,0,0,36816,127752,36816,90936,4096,0,0,0,0,0,0,0,"2024-08-19 03:31:00,760"
7768248,60624,7707624,8,6076364,882304,6075636,881768,728,536,4416,1344,0,0,5824,1916,6957576,3208,6704,6340,0,0,0,36816,127752,36816,90936,4096,0,0,0,0,0,0,0,"2024-08-19 03:31:10,762"
7768248,60648,7707600,8,6103272,856856,6102556,856308,716,548,4416,1344,0,0,5824,1916,6959000,3208,6704,6340,0,0,0,36816,127752,36816,90936,4096,0,0,0,0,0,0,0,"2024-08-19 03:31:20,764"
7768248,59044,7709204,8,6083392,877904,6082668,877364,724,540,4416,1344,0,0,5828,1916,6959952,3212,6704,6340,0,0,0,36816,127752,36816,90936,4096,0,0,0,0,0,0,0,"2024-08-19 03:31:30,765"
7768248,57592,7710656,8,6104740,857420,6104016,856880,724,540,4416,1344,0,0,5832,1916,6960504,3216,6704,6340,0,0,0,36816,127716,36816,90900,4096,0,0,0,0,0,0,0,"2024-08-19 03:31:40,767"
7768248,61880,7706368,8,6099044,859076,6098324,858532,720,544,4416,1344,4,0,5832,1916,6956800,3216,6704,6340,0,0,0,36816,127716,36816,90900,4096,0,0,0,0,0,0,0,"2024-08-19 03:31:50,768"
7768248,58208,7710040,8,6087740,874176,6087020,873632,720,544,4416,1344,0,0,5832,1916,6960932,3216,6704,6340,0,0,0,36816,127716,36816,90900,4096,0,0,0,0,0,0,0,"2024-08-19 03:32:00,770"
7768248,59352,7708896,8,6100364,860300,6099640,859760,724,540,4416,1344,0,0,5832,1916,6959244,3216,6704,6340,0,0,0,36816,127716,36816,90900,4096,0,0,0,0,0,0,0,"2024-08-19 03:32:10,772"
7768248,59692,7708556,8,6092452,871164,6091732,870620,720,544,4416,1344,0,0,5832,1916,6962200,3216,6704,6340,0,0,0,36816,127716,36816,90900,4096,0,0,0,0,0,0,0,"2024-08-19 03:32:20,773"
7768248,59836,7708412,8,6094140,867148,6093420,866604,720,544,4416,1344,0,0,5832,1916,6960348,3216,6704,6340,0,0,0,36816,127716,36816,90900,4096,0,0,0,0,0,0,0,"2024-08-19 03:32:30,775"
7768248,64504,7703744,8,6082336,872000,6081612,871460,724,540,4416,1344,0,0,5832,1916,6953284,3216,6704,6340,0,0,0,36816,127716,36816,90900,4096,0,0,0,0,0,0,0,"2024-08-19 03:32:40,777"
7768248,61632,7706616,8,6084344,875208,6083620,874668,724,540,4416,1344,0,0,5832,1916,6958268,3216,6704,6340,0,0,0,36816,127716,36816,90900,4096,0,0,0,0,0,0,0,"2024-08-19 03:32:50,779"
7768248,59716,7708532,8,6077380,882864,6076652,882328,728,536,4416,1344,0,0,5832,1916,6959224,3216,6704,6340,0,0,0,36816,127716,36816,90900,4096,0,0,0,0,0,0,0,"2024-08-19 03:33:00,780"
7768248,61208,7707040,8,6090188,866872,6089468,866328,720,544,4416,1344,0,0,5832,1916,6955972,3216,6704,6340,0,0,0,36816,127716,36816,90900,4096,0,0,0,0,0,0,0,"2024-08-19 03:33:10,782"
7768248,65240,7703008,8,6094816,858552,6094088,858016,728,536,4416,1344,0,0,5832,1916,6952152,3216,6704,6340,0,0,0,36816,127716,36816,90900,4096,0,0,0,0,0,0,0,"2024-08-19 03:33:20,784"
7768248,61224,7707024,8,6093380,864808,6092656,864268,724,540,4416,1344,0,0,5832,1916,6956700,3216,6704,6340,0,0,0,36816,127716,36816,90900,4096,0,0,0,0,0,0,0,"2024-08-19 03:33:30,786"
7768248,72168,7696080,8,6080976,868032,6080244,867500,732,532,4416,1344,0,0,5832,1916,6947612,3216,6704,6340,0,0,0,36816,127712,36816,90896,4096,0,0,0,0,0,0,0,"2024-08-19 03:33:40,788"
7768248,58124,7710124,8,6092960,869536,6092232,869000,728,536,4416,1344,0,0,5832,1916,6961272,3216,6704,6340,0,0,0,36816,127712,36816,90896,4096,0,0,0,0,0,0,0,"2024-08-19 03:33:50,790"
7768248,60116,7708132,8,6093188,867136,6092468,866592,720,544,4416,1344,0,0,5832,1916,6959096,3216,6704,6340,0,0,0,36816,127712,36816,90896,4096,0,0,0,0,0,0,0,"2024-08-19 03:34:00,791"
7768248,60512,7707736,8,6091732,867788,6091004,867252,728,536,4416,1344,0,0,5832,1916,6958000,3216,6704,6340,0,0,0,36816,127712,36816,90896,4096,0,0,0,0,0,0,0,"2024-08-19 03:34:10,793"
7768248,64136,7704112,8,6091056,865108,6090332,864568,724,540,4416,1344,0,0,5832,1916,6954840,3216,6704,6340,0,0,0,36816,127712,36816,90896,4096,0,0,0,0,0,0,0,"2024-08-19 03:34:20,795"
7768248,59784,7708464,8,6090576,871576,6089836,871044,740,532,4416,1344,0,0,5840,1916,6960804,3216,6704,6340,0,0,0,36816,127712,36816,90896,4096,0,0,0,0,0,0,0,"2024-08-19 03:34:30,796"
7768248,59836,7708412,8,6085288,872612,6084564,872072,724,540,4416,1344,0,0,5832,1916,6956504,3216,6688,6340,0,0,0,36752,127648,36752,90896,4096,0,0,0,0,0,0,0,"2024-08-19 03:34:40,798"
7768248,66968,7701280,8,6076644,875424,6075924,874880,720,544,4416,1344,0,0,5832,1916,6950924,3216,6688,6340,0,0,0,36752,127648,36752,90896,4096,0,0,0,0,0,0,0,"2024-08-19 03:34:50,800"
7768248,67912,7700336,8,6088372,862108,6087652,861564,720,544,4416,1344,0,0,5832,1916,6949180,3216,6688,6340,0,0,0,36752,127648,36752,90896,4096,0,0,0,0,0,0,0,"2024-08-19 03:35:00,802"
7768248,61676,7706572,8,6089788,866476,6089068,865932,720,544,4416,1344,8,0,5832,1912,6954620,3216,6688,6340,0,0,0,36752,127644,36752,90892,4096,0,0,0,0,0,0,0,"2024-08-19 03:35:10,804"
7768248,59148,7709100,8,6068548,890976,6067828,890432,720,544,4416,1344,0,0,5832,1912,6958124,3216,6704,6340,0,0,0,36752,127644,36752,90892,4096,0,0,0,0,0,0,0,"2024-08-19 03:35:20,806"
7768248,60268,7707980,8,6087632,872056,6086908,871516,724,540,4416,1344,0,0,5832,1912,6958100,3216,6704,6340,0,0,0,36752,127644,36752,90892,4096,0,0,0,0,0,0,0,"2024-08-19 03:35:30,807"
7768248,63444,7704804,8,6094612,860756,6093884,860216,728,540,4416,1344,0,0,5836,1912,6954336,3216,6704,6340,0,0,0,36752,127644,36752,90892,4096,0,0,0,0,0,0,0,"2024-08-19 03:35:40,809"
7768248,59352,7708896,8,6090160,868876,6089428,868344,732,532,4416,1344,0,0,5832,1908,6957776,3216,6704,6340,0,0,0,36752,127644,36752,90892,4096,0,0,0,0,0,0,0,"2024-08-19 03:35:50,811"
7768248,58316,7709932,8,6072672,888428,6071944,887892,728,536,4416,1344,0,0,5832,1908,6959840,3216,6704,6324,0,0,0,36752,127644,36752,90892,4096,0,0,0,0,0,0,0,"2024-08-19 03:36:00,813"
7768248,59872,7708376,8,6089532,867844,6088812,867300,720,544,4416,1344,0,0,5832,1908,6956308,3216,6704,6276,0,0,0,36752,127644,36752,90892,4096,0,0,0,0,0,0,0,"2024-08-19 03:36:10,814"
7768248,60644,7707604,8,6102140,855844,6101420,855300,720,544,4416,1344,0,0,5832,1908,6956640,3216,6704,6240,0,0,0,36752,127644,36752,90892,4096,0,0,0,0,0,0,0,"2024-08-19 03:36:20,816"
7768248,67368,7700880,8,6068568,881788,6067844,881248,724,540,4416,1344,0,0,5832,1908,6948864,3216,6704,6160,0,0,0,36752,127644,36752,90892,4096,0,0,0,0,0,0,0,"2024-08-19 03:36:30,819"
7768248,59764,7708484,8,6094432,862228,6093704,861692,728,536,4416,1344,0,0,5832,1908,6955508,3216,6704,5948,0,0,0,36752,127644,36752,90892,4096,0,0,0,0,0,0,0,"2024-08-19 03:36:40,820"
7768248,67252,7700996,8,6081280,868548,6080556,868008,724,540,4416,1344,0,0,5828,1908,6948520,3212,6704,5712,0,0,0,36752,127644,36752,90892,4096,0,0,0,0,0,0,0,"2024-08-19 03:36:50,822"
7768248,71952,7696296,8,6087612,858436,6086888,857896,724,540,4416,1344,0,0,5832,1908,6944640,3216,6704,5712,0,0,0,36752,127644,36752,90892,4096,0,0,0,0,0,0,0,"2024-08-19 03:37:00,824"
7768248,61056,7707192,8,6085256,872172,6084536,871628,720,544,4416,1344,0,0,5832,1908,6956016,3216,6704,5712,0,0,0,36752,127644,36752,90892,4096,0,0,0,0,0,0,0,"2024-08-19 03:37:10,826"
7768248,67760,7700488,8,6081276,871968,6080552,871428,724,540,4416,1344,0,0,5828,1908,6951836,3212,6704,5712,0,0,0,36752,127644,36752,90892,4096,0,0,0,0,0,0,0,"2024-08-19 03:37:20,828"
7768248,60316,7707932,8,6080208,879976,6079484,879436,724,540,4416,1344,0,0,5832,1908,6958664,3216,6704,5712,0,0,0,36752,127644,36752,90892,4096,0,0,0,0,0,0,0,"2024-08-19 03:37:30,829"
7768248,65448,7702800,8,6110116,845344,6109392,844804,724,540,4416,1344,0,0,5828,1908,6954056,3212,6704,5712,0,0,0,36752,127672,36752,90920,4096,0,0,0,0,0,0,0,"2024-08-19 03:37:40,831"
7768248,69656,7698592,8,6085388,865360,6084664,864820,724,540,4416,1344,0,0,5828,1908,6949632,3212,6704,5712,0,0,0,36752,127672,36752,90920,4096,0,0,0,0,0,0,0,"2024-08-19 03:37:50,833"
7768248,58208,7710040,8,6081416,881548,6080696,881004,720,544,4416,1344,0,0,5832,1908,6961556,3216,6704,5712,0,0,0,36752,127672,36752,90920,4096,0,0,0,0,0,0,0,"2024-08-19 03:38:00,835"
7768248,60720,7707528,12,6092196,870028,6091472,869488,724,540,4416,1344,0,0,5832,1908,6960500,3212,6704,5712,0,0,0,36752,127672,36752,90920,4096,0,0,0,0,0,0,0,"2024-08-19 03:38:10,836"
7768248,63112,7705136,8,6099036,854424,6098316,853880,720,544,4416,1344,0,0,5832,1908,6952132,3216,6704,6048,0,0,0,36752,127672,36752,90920,4096,0,0,0,0,0,0,0,"2024-08-19 03:38:20,838"
7768248,61948,7706300,8,6072116,881880,6071392,881340,724,540,4416,1344,0,0,5832,1908,6952720,3216,6704,6320,0,0,0,36752,127672,36752,90920,4096,0,0,0,0,0,0,0,"2024-08-19 03:38:30,839"
7768248,61364,7706884,8,6096504,858632,6095856,858060,648,572,4416,1344,0,0,5784,1896,6954036,3212,6704,6320,0,0,0,36752,127672,36752,90920,4096,0,0,0,0,0,0,0,"2024-08-19 03:38:40,841"
7768248,63916,7704332,8,6088284,864336,6087636,863764,648,572,4416,1344,0,0,5780,1896,6951284,3208,6704,6320,0,0,0,36752,127672,36752,90920,4096,0,0,0,0,0,0,0,"2024-08-19 03:38:50,843"
7768248,58152,7710096,8,6105820,852252,6105168,851684,652,568,4416,1344,0,0,5784,1896,6957164,3212,6704,6320,0,0,0,36752,127672,36752,90920,4096,0,0,0,0,0,0,0,"2024-08-19 03:39:00,845"
7768248,68288,7699960,8,6101824,846500,6101148,845932,676,568,4416,1344,0,0,5804,1896,6947080,3208,6704,6320,0,0,0,36752,127664,36752,90912,4096,0,0,0,0,0,0,0,"2024-08-19 03:39:10,847"
7768248,60564,7707684,8,6119084,836512,6118416,835936,668,576,4416,1344,0,0,5808,1896,6954212,3212,6704,6320,0,0,0,36752,127664,36752,90912,4096,0,0,0,0,0,0,0,"2024-08-19 03:39:20,848"
7768248,57904,7710344,16,6089060,868268,6088208,867832,852,436,4416,1344,0,0,5696,1800,6955984,3212,6736,6320,0,0,0,36704,127576,36704,90872,4096,0,0,0,0,0,0,0,"2024-08-19 03:39:30,850"
7768248,57936,7710312,16,6091172,864164,6090476,863804,696,360,4416,1344,0,0,5628,1800,6954052,3212,6736,6320,0,0,0,36704,127576,36704,90872,4096,0,0,0,0,0,0,0,"2024-08-19 03:39:40,852"
7768248,55728,7712520,16,6088380,869284,6087664,868920,716,364,4416,1344,4,0,5652,1824,6956616,3212,6736,6320,0,0,0,36704,127576,36704,90872,4096,0,0,0,0,0,0,0,"2024-08-19 03:39:50,853"
7768248,62828,7705420,8,6114464,837900,6113876,837460,588,440,4416,1344,0,0,5576,1804,6951228,3196,6736,6320,0,0,0,36704,127576,36704,90872,4096,0,0,0,0,0,0,0,"2024-08-19 03:40:00,865"
7768248,60388,7707860,8,6083216,870132,6082632,869680,584,452,4416,1344,0,0,5584,1804,6952436,3196,6736,6320,0,0,0,36704,127576,36704,90872,4096,0,0,0,0,0,0,0,"2024-08-19 03:40:10,867"
7768248,60056,7708192,8,6090560,862988,6089972,862540,588,448,4416,1344,0,0,5584,1804,6952400,3196,6720,6320,0,0,0,36704,127576,36704,90872,4096,0,0,0,0,0,0,0,"2024-08-19 03:40:20,869"
7768248,58628,7709620,8,6091932,864272,6091340,863828,592,444,4416,1344,0,0,5584,1804,6955044,3196,6720,6320,0,0,0,36704,127576,36704,90872,4096,0,0,0,0,0,0,0,"2024-08-19 03:40:30,871"
7768248,58976,7709272,8,6090740,863932,6090156,863480,584,452,4416,1344,0,0,5584,1804,6953524,3196,6720,6320,0,0,0,36704,127576,36704,90872,4096,0,0,0,0,0,0,0,"2024-08-19 03:40:40,873"
7768248,57776,7710472,8,6089332,867380,6088744,866932,588,448,4416,1344,0,0,5584,1804,6955744,3196,6720,6320,0,0,0,36704,127576,36704,90872,4096,0,0,0,0,0,0,0,"2024-08-19 03:40:50,874"
7768248,60388,7707860,8,6080084,873672,6079492,873228,592,444,4416,1344,0,0,5584,1804,6952596,3196,6720,6320,0,0,0,36704,127576,36704,90872,4096,0,0,0,0,0,0,0,"2024-08-19 03:41:00,876"
7768248,58160,7710088,8,6095000,860024,6094404,859584,596,440,4416,1344,0,0,5584,1804,6953792,3196,6720,6320,0,0,0,36704,127576,36704,90872,4096,0,0,0,0,0,0,0,"2024-08-19 03:41:10,878"
7768248,68236,7700012,8,6081260,865304,6080672,864856,588,448,4416,1344,0,0,5584,1804,6945520,3196,6720,6320,0,0,0,36704,127576,36704,90872,4096,0,0,0,0,0,0,0,"2024-08-19 03:41:20,880"
7768248,60064,7708184,8,6072076,882488,6071492,882036,584,452,4416,1344,0,0,5584,1804,6953404,3196,6720,6320,0,0,0,36704,127576,36704,90872,4096,0,0,0,0,0,0,0,"2024-08-19 03:41:30,881"
7768248,62972,7705276,8,6085444,866056,6084860,865604,584,452,4416,1344,0,0,5584,1804,6950532,3196,6720,6320,0,0,0,36704,127576,36704,90872,4096,0,0,0,0,0,0,0,"2024-08-19 03:41:40,883"
7768248,73276,7694972,8,6086716,854132,6086124,853688,592,444,4416,1344,0,0,5584,1804,6939608,3196,6720,6320,0,0,0,36704,127576,36704,90872,4096,0,0,0,0,0,0,0,"2024-08-19 03:41:50,885"
7768248,61332,7706916,8,6089352,864776,6088768,864324,584,452,4416,1344,0,0,5584,1804,6953092,3196,6720,6292,0,0,0,36704,127576,36704,90872,4096,0,0,0,0,0,0,0,"2024-08-19 03:42:00,887"
7768248,66776,7701472,8,6078164,868880,6077576,868432,588,448,4416,1344,0,0,5584,1804,6945920,3196,6720,6296,0,0,0,36704,127576,36704,90872,4096,0,0,0,0,0,0,0,"2024-08-19 03:42:10,888"
7768248,59028,7709220,8,6080296,877656,6079708,877208,588,448,4416,1344,0,0,5584,1804,6956792,3196,6720,6296,0,0,0,36704,127576,36704,90872,4096,0,0,0,0,0,0,0,"2024-08-19 03:42:20,890"
7768248,64160,7704088,8,6081496,867444,6080912,866992,584,452,4416,1344,0,0,5584,1804,6947868,3196,6720,6296,0,0,0,36704,127576,36704,90872,4096,0,0,0,0,0,0,0,"2024-08-19 03:42:30,892"
7768248,62196,7706052,8,6103956,849780,6103368,849332,588,448,4416,1344,0,0,5584,1804,6952576,3196,6720,6296,0,0,0,36704,127576,36704,90872,4096,0,0,0,0,0,0,0,"2024-08-19 03:42:40,894"
7768248,65484,7702764,8,6094732,854092,6094144,853644,588,448,4416,1344,0,0,5584,1804,6947832,3196,6720,6296,0,0,0,36704,127576,36704,90872,4096,0,0,0,0,0,0,0,"2024-08-19 03:42:50,895"
7768248,58816,7709432,8,6088272,867344,6087688,866892,584,452,4416,1344,0,0,5584,1804,6954736,3196,6720,6296,0,0,0,36704,127576,36704,90872,4096,0,0,0,0,0,0,0,"2024-08-19 03:43:00,897"
7768248,63108,7705140,8,6085920,865008,6085336,864556,584,452,4416,1344,0,0,5584,1804,6950048,3196,6720,6296,0,0,0,36704,127576,36704,90872,4096,0,0,0,0,0,0,0,"2024-08-19 03:43:10,899"
7768248,61272,7706976,8,6089324,865196,6088740,864744,584,452,4416,1344,0,0,5584,1804,6953684,3196,6720,6296,0,0,0,36704,127608,36704,90904,4096,0,0,0,0,0,0,0,"2024-08-19 03:43:20,901"
7768248,61480,7706768,8,6072708,881700,6072124,881248,584,452,4416,1344,0,0,5584,1804,6953248,3196,6720,6296,0,0,0,36704,127608,36704,90904,4096,0,0,0,0,0,0,0,"2024-08-19 03:43:30,903"
7768248,65116,7703132,8,6061396,889212,6060804,888768,592,444,4416,1344,0,0,5584,1804,6949252,3196,6720,6296,0,0,0,36704,127600,36704,90896,4096,0,0,0,0,0,0,0,"2024-08-19 03:43:40,904"
7768248,60612,7707636,8,6124768,830292,6124184,829840,584,452,4416,1344,0,0,5584,1804,6954108,3196,6720,6296,0,0,0,36704,127600,36704,90896,4096,0,0,0,0,0,0,0,"2024-08-19 03:43:50,906"
7768248,60988,7707260,8,6087460,865832,6086872,865400,588,432,4416,1344,0,0,5564,1796,6952224,3192,6720,6296,0,0,0,36704,127600,36704,90896,4096,0,0,0,0,0,0,0,"2024-08-19 03:44:00,908"
7768248,64880,7703368,8,6108168,841252,6107580,840820,588,432,4416,1344,0,0,5564,1796,6948560,3192,6720,6296,0,0,0,36704,127600,36704,90896,4096,0,0,0,0,0,0,0,"2024-08-19 03:44:10,910"
7768248,57740,7710508,8,6089672,867064,6089076,866640,596,424,4416,1344,0,0,5564,1796,6955800,3192,6720,6296,0,0,0,36704,127600,36704,90896,4096,0,0,0,0,0,0,0,"2024-08-19 03:44:20,911"
7768248,68052,7700196,8,6082516,865104,6081928,864672,588,432,4416,1344,0,0,5564,1796,6946384,3192,6720,6296,0,0,0,36704,127600,36704,90896,4096,0,0,0,0,0,0,0,"2024-08-19 03:44:30,913"
7768248,58272,7709976,24,6085692,870652,6085072,870172,620,480,4416,1344,8,0,5660,1848,6955700,3192,6720,6296,0,0,0,36704,127600,36704,90896,4096,0,0,0,0,0,0,0,"2024-08-19 03:44:40,915"
7768248,62156,7706092,24,6061984,891704,6061360,891236,624,468,4416,1344,0,0,5652,1840,6952476,3192,6704,6296,0,0,0,36704,127632,36704,90928,4096,0,0,0,0,0,0,0,"2024-08-19 03:44:50,917"
7768248,60116,7708132,24,6088892,865828,6088276,865352,616,476,4416,1344,0,0,5652,1840,6953808,3192,6704,6296,0,0,0,36704,127632,36704,90928,4096,0,0,0,0,0,0,0,"2024-08-19 03:45:00,918"
7768248,66728,7701520,24,6085868,863140,6085244,862672,624,468,4416,1344,8,0,5652,1840,6947736,3192,6704,6296,0,0,0,36704,127632,36704,90928,4096,0,0,0,0,0,0,0,"2024-08-19 03:45:10,920"
7768248,60384,7707864,24,6112664,842500,6112036,842036,628,464,4416,1344,0,0,5652,1840,6954300,3192,6704,6296,0,0,0,36704,127632,36704,90928,4096,0,0,0,0,0,0,0,"2024-08-19 03:45:20,922"
7768248,72092,7696156,24,6113212,830752,6112652,830332,560,420,4416,1344,0,0,5512,1768,6943020,3164,6704,6296,0,0,0,36704,127632,36704,90928,4096,0,0,0,0,0,0,0,"2024-08-19 03:45:30,924"
7768248,58796,7709452,24,6093888,862952,6093328,862532,560,420,4416,1344,0,0,5512,1768,6955868,3164,6704,6296,0,0,0,36704,127624,36704,90920,4096,0,0,0,0,0,0,0,"2024-08-19 03:45:40,925"
7768248,59984,7708264,24,6064660,890308,6064108,889880,552,428,4416,1344,0,0,5512,1768,6953896,3164,6704,6296,0,0,0,36704,127624,36704,90920,4096,0,0,0,0,0,0,0,"2024-08-19 03:45:50,927"
7768248,62076,7706172,24,6091064,864932,6090500,864524,564,408,4416,1344,0,0,5504,1764,6954724,3164,6704,6296,0,0,0,36704,127624,36704,90920,4096,0,0,0,0,0,0,0,"2024-08-19 03:46:00,928"
7768248,61956,7706292,24,6101936,852388,6101368,851984,568,404,4416,1344,0,0,5504,1764,6953580,3164,6704,6296,0,0,0,36704,127624,36704,90920,4096,0,0,0,0,0,0,0,"2024-08-19 03:46:10,930"
7768248,66384,7701864,24,6094972,854180,6094416,853764,556,416,4416,1344,4,0,5508,1764,6948088,3164,6704,6296,0,0,0,36704,127624,36704,90920,4096,0,0,0,0,0,0,0,"2024-08-19 03:46:20,931"
7768248,61292,7706956,24,6085636,869400,6085096,868988,540,412,4416,1344,0,0,5484,1744,6954272,3164,6704,6296,0,0,0,36704,127624,36704,90920,4096,0,0,0,0,0,0,0,"2024-08-19 03:46:30,933"
7768248,61960,7706288,24,6097740,855044,6097200,854636,540,408,4416,1344,0,0,5480,1740,6951688,3164,6704,6296,0,0,0,36704,127624,36704,90920,4096,0,0,0,0,0,0,0,"2024-08-19 03:46:40,950"
7768248,58768,7709480,24,6084752,873756,6084212,873348,540,408,4416,1344,0,0,5480,1740,6957468,3164,6704,6296,0,0,0,36704,127624,36704,90920,4096,0,0,0,0,0,0,0,"2024-08-19 03:46:50,952"
7768248,68128,7700120,24,6080052,866744,6079516,866332,536,412,4416,1344,0,0,5480,1740,6945800,3164,6704,6296,0,0,0,36704,127624,36704,90920,4096,0,0,0,0,0,0,0,"2024-08-19 03:47:00,953"
7768248,58136,7710112,24,6088636,869772,6088100,869360,536,412,4416,1344,0,0,5480,1740,6957812,3164,6704,6296,0,0,0,36704,127624,36704,90920,4096,0,0,0,0,0,0,0,"2024-08-19 03:47:10,954"
7768248,62792,7705456,24,6099000,854552,6098456,854148,544,404,4416,1344,0,0,5480,1740,6952796,3164,6704,6296,0,0,0,36704,127624,36704,90920,4096,0,0,0,0,0,0,0,"2024-08-19 03:47:20,956"
7768248,61208,7707040,24,6090368,864456,6089824,864052,544,404,4416,1344,0,0,5480,1740,6953920,3164,6704,6296,0,0,0,36704,127624,36704,90920,4096,0,0,0,0,0,0,0,"2024-08-19 03:47:30,957"
7768248,61176,7707072,24,6073884,879996,6073344,879588,540,408,4416,1344,0,0,5480,1740,6952840,3164,6704,6296,0,0,0,36704,127624,36704,90920,4096,0,0,0,0,0,0,0,"2024-08-19 03:47:40,959"
7768248,64376,7703872,24,6098364,852312,6097812,851916,552,396,4416,1344,0,0,5480,1740,6949760,3164,6704,6296,0,0,0,36704,127624,36704,90920,4096,0,0,0,0,0,0,0,"2024-08-19 03:47:50,961"
7768248,58412,7709836,24,6077140,880248,6076596,879844,544,404,4416,1344,0,0,5480,1740,6956324,3164,6704,6304,0,0,0,36704,127624,36704,90920,4096,0,0,0,0,0,0,0,"2024-08-19 03:48:00,963"
7768248,62308,7705940,24,6072160,880952,6071616,880548,544,404,4416,1344,0,0,5480,1740,6952216,3164,6704,6304,0,0,0,36704,127624,36704,90920,4096,0,0,0,0,0,0,0,"2024-08-19 03:48:10,964"
7768248,63540,7704708,24,6102268,852832,6101720,852432,548,400,4416,1344,0,0,5480,1740,6954500,3164,6704,6304,0,0,0,36704,127624,36704,90920,4096,0,0,0,0,0,0,0,"2024-08-19 03:48:20,966"
7768248,65616,7702632,24,6072452,883652,6071904,883252,548,400,4416,1344,0,0,5480,1740,6955068,3164,6704,6304,0,0,0,36704,127624,36704,90920,4096,0,0,0,0,0,0,0,"2024-08-19 03:48:30,968"
7768248,64056,7704192,24,6093900,860912,6093360,860504,540,408,4416,1344,0,0,5480,1740,6953832,3164,6704,6304,0,0,0,36704,127632,36704,90928,4096,0,0,0,0,0,0,0,"2024-08-19 03:48:40,970"
7768248,66880,7701368,24,6080572,872956,6080024,872556,548,400,4416,1344,0,0,5480,1740,6952596,3164,6704,6304,0,0,0,36704,127632,36704,90928,4096,0,0,0,0,0,0,0,"2024-08-19 03:48:50,971"
7768248,75356,7692892,24,6082064,861528,6081500,861136,564,392,4416,1344,0,0,5488,1740,6942972,3164,6704,6304,0,0,0,36704,127632,36704,90928,4096,0,0,0,0,0,0,0,"2024-08-19 03:49:00,973"
7768248,59348,7708900,24,6105824,855688,6105280,855276,544,412,4416,1344,0,0,5488,1740,6960464,3164,6704,6304,0,0,0,36704,127632,36704,90928,4096,0,0,0,0,0,0,0,"2024-08-19 03:49:10,975"
7768248,62052,7706196,24,6082916,874444,6082376,874028,540,416,4416,1344,0,0,5488,1740,6956192,3164,6704,6304,0,0,0,36704,127632,36704,90928,4096,0,0,0,0,0,0,0,"2024-08-19 03:49:20,977"
7768248,68980,7699268,24,6074540,876016,6073992,875608,548,408,4416,1344,0,0,5488,1740,6949508,3164,6704,6304,0,0,0,36704,127632,36704,90928,4096,0,0,0,0,0,0,0,"2024-08-19 03:49:30,979"
7768248,63828,7704420,24,6120144,833280,6119592,832872,552,408,4416,1344,0,0,5492,1740,6952560,3164,6704,6304,0,0,0,36704,127640,36704,90936,4096,0,0,0,0,0,0,0,"2024-08-19 03:49:40,980"
7768248,65696,7702552,24,6085696,867348,6085136,866948,560,400,4416,1344,0,0,5492,1740,6951888,3164,6704,6304,0,0,0,36704,127640,36704,90936,4096,0,0,0,0,0,0,0,"2024-08-19 03:49:50,982"
7768248,60912,7707336,24,6099080,856720,6098520,856320,560,400,4416,1344,0,0,5492,1740,6954776,3164,6704,6304,0,0,0,36704,127640,36704,90936,4096,0,0,0,0,0,0,0,"2024-08-19 03:50:00,984"
7768248,61832,7706416,24,6113272,843128,6112716,842724,556,404,4416,1344,0,0,5492,1740,6955348,3164,6704,6304,0,0,0,36704,127640,36704,90936,4096,0,0,0,0,0,0,0,"2024-08-19 03:50:10,987"
7768248,59752,7708496,24,6090452,868056,6089908,867652,544,404,4416,1344,0,0,5480,1740,6957700,3164,6704,6304,0,0,0,36704,127640,36704,90936,4096,0,0,0,0,0,0,0,"2024-08-19 03:50:20,989"
7768248,68396,7699852,24,6104572,844772,6104020,844376,552,396,4416,1344,0,0,5464,1740,6948320,3148,6704,6304,0,0,0,36704,127640,36704,90936,4096,0,0,0,0,0,0,0,"2024-08-19 03:50:30,991"
7768248,59112,7709136,24,6111560,847520,6111020,847112,540,408,4416,1344,0,0,5480,1740,6958040,3164,6704,6304,0,0,0,36704,127648,36704,90944,4096,0,0,0,0,0,0,0,"2024-08-19 03:50:40,993"
7768248,61716,7706532,24,6106436,850352,6105880,849960,556,392,4416,1344,0,0,5480,1740,6955844,3164,6704,6304,0,0,0,36704,127648,36704,90944,4096,0,0,0,0,0,0,0,"2024-08-19 03:50:50,995"
7768248,67940,7700308,24,6140032,811052,6139492,810644,540,408,4416,1344,0,0,5480,1740,6950180,3164,6704,6304,0,0,0,36704,127648,36704,90944,4096,0,0,0,0,0,0,0,"2024-08-19 03:51:00,996"
7768248,61948,7706300,24,6102552,853352,6102012,852944,540,408,4416,1344,0,0,5464,1740,6955212,3148,6704,6304,0,0,0,36704,127648,36704,90944,4096,0,0,0,0,0,0,0,"2024-08-19 03:51:10,998"
7768248,58844,7709404,24,6103164,857192,6102624,856784,540,408,4416,1344,0,0,5464,1740,6959488,3148,6704,6304,0,0,0,36704,127648,36704,90944,4096,0,0,0,0,0,0,0,"2024-08-19 03:51:21,000"
7768248,63504,7704744,24,6094336,860136,6093796,859728,540,408,4416,1344,0,0,5464,1740,6953040,3148,6704,6304,0,0,0,36704,127648,36704,90944,4096,0,0,0,0,0,0,0,"2024-08-19 03:51:31,002"
7768248,68100,7700148,24,6089904,859552,6089360,859148,544,404,4416,1344,0,0,5480,1740,6948392,3164,6704,6304,0,0,0,36704,127648,36704,90944,4096,0,0,0,0,0,0,0,"2024-08-19 03:51:41,004"
7768248,71900,7696348,24,6079436,867172,6078892,866768,544,404,4416,1344,0,0,5480,1740,6945568,3164,6704,6304,0,0,0,36704,127648,36704,90944,4096,0,0,0,0,0,0,0,"2024-08-19 03:51:51,005"
7768248,66900,7701348,24,6094864,855796,6094328,855384,536,412,4416,1344,0,0,5472,1740,6949628,3156,6704,6304,0,0,0,36704,127648,36704,90944,4096,0,0,0,0,0,0,0,"2024-08-19 03:52:01,007"
7768248,64572,7703676,24,6106856,846524,6106312,846120,544,404,4416,1344,0,0,5464,1740,6952388,3148,6704,6304,0,0,0,36704,127648,36704,90944,4096,0,0,0,0,0,0,0,"2024-08-19 03:52:11,008"
7768248,59664,7708584,24,6111552,845568,6111016,845156,536,412,4416,1344,0,0,5464,1740,6956196,3148,6704,6304,0,0,0,36704,127648,36704,90944,4096,0,0,0,0,0,0,0,"2024-08-19 03:52:21,010"
7768248,66044,7702204,24,6082860,868636,6082320,868228,540,408,4416,1344,0,0,5464,1740,6950592,3148,6704,6304,0,0,0,36704,127648,36704,90944,4096,0,0,0,0,0,0,0,"2024-08-19 03:52:31,012"
7768248,70692,7697556,24,6087276,859216,6086728,858816,548,400,4416,1344,0,0,5480,1740,6945456,3164,6704,6320,0,0,0,36704,127648,36704,90944,4096,0,0,0,0,0,0,0,"2024-08-19 03:52:41,014"
7768248,59212,7709036,24,6074632,884420,6074084,884020,548,400,4416,1344,0,0,5480,1740,6958012,3164,6704,6320,0,0,0,36704,127648,36704,90944,4096,0,0,0,0,0,0,0,"2024-08-19 03:52:51,015"
7768248,65848,7702400,24,6110028,841872,6109488,841464,540,408,4416,1344,0,0,5480,1740,6950860,3164,6704,6320,0,0,0,36704,127648,36704,90944,4096,0,0,0,0,0,0,0,"2024-08-19 03:53:01,017"
7768248,61304,7706944,24,6088420,868000,6087880,867592,540,408,4416,1344,0,0,5480,1740,6955580,3164,6704,6320,0,0,0,36704,127648,36704,90944,4096,0,0,0,0,0,0,0,"2024-08-19 03:53:11,019"
7768248,59684,7708564,24,6106060,852040,6105524,851628,536,412,4416,1344,0,0,5468,1740,6957072,3152,6704,6320,0,0,0,36704,127648,36704,90944,4096,0,0,0,0,0,0,0,"2024-08-19 03:53:21,020"
7768248,60344,7707904,24,6099224,857816,6098684,857408,540,408,4416,1344,0,0,5468,1740,6956316,3152,6704,6280,0,0,0,36704,127648,36704,90944,4096,0,0,0,0,0,0,0,"2024-08-19 03:53:31,021"
7768248,57396,7710852,24,6106196,853724,6105656,853316,540,408,4416,1344,0,0,5480,1740,6958880,3164,6704,6280,0,0,0,36704,127648,36704,90944,4096,0,0,0,0,0,0,0,"2024-08-19 03:53:41,023"
7768248,60396,7707852,24,6079128,877652,6078588,877244,540,408,4416,1344,0,0,5480,1740,6955740,3164,6704,6280,0,0,0,36704,127648,36704,90944,4096,0,0,0,0,0,0,0,"2024-08-19 03:53:51,025"
7768248,66728,7701520,24,6113716,836724,6113172,836320,544,404,4416,1344,0,0,5480,1740,6949772,3164,6704,6280,0,0,0,36704,127648,36704,90944,4096,0,0,0,0,0,0,0,"2024-08-19 03:54:01,027"
7768248,68748,7699500,24,6115432,832720,6114884,832320,548,400,4416,1344,0,0,5480,1740,6947184,3164,6704,6280,0,0,0,36704,127648,36704,90944,4096,0,0,0,0,0,0,0,"2024-08-19 03:54:11,028"
7768248,60376,7707872,24,6091988,865164,6091444,864760,544,404,4416,1344,0,0,5480,1740,6956224,3164,6704,6284,0,0,0,36704,127648,36704,90944,4096,0,0,0,0,0,0,0,"2024-08-19 03:54:21,029"
7768248,63676,7704572,24,6081168,871116,6080620,870716,548,400,4416,1344,0,0,5480,1740,6951244,3164,6704,6284,0,0,0,36704,127648,36704,90944,4096,0,0,0,0,0,0,0,"2024-08-19 03:54:31,031"
7768248,59384,7708864,24,6113876,841832,6113332,841428,544,404,4416,1344,0,0,5480,1740,6954668,3164,6704,6284,0,0,0,36704,127648,36704,90944,4096,0,0,0,0,0,0,0,"2024-08-19 03:54:41,033"
7768248,69268,7698980,24,6108376,839340,6107832,838936,544,404,4416,1344,0,0,5480,1740,6946488,3164,6704,6284,0,0,0,36704,127648,36704,90944,4096,0,0,0,0,0,0,0,"2024-08-19 03:54:51,035"
7768248,61324,7706924,24,6103376,851484,6102840,851072,536,412,4416,1344,0,0,5480,1740,6953820,3164,6704,6284,0,0,0,36704,127648,36704,90944,4096,0,0,0,0,0,0,0,"2024-08-19 03:55:01,036"
7768248,63436,7704812,24,6083088,868720,6082516,868328,572,392,4416,1344,8,0,5496,1740,6950924,3164,6704,6284,0,0,0,36704,127648,36704,90944,4096,0,0,0,0,0,0,0,"2024-08-19 03:55:11,038"
7768248,61352,7706896,24,6082100,873032,6081548,872620,552,412,4416,1344,8,0,5496,1740,6954076,3164,6704,6284,0,0,0,36704,127648,36704,90944,4096,0,0,0,0,0,0,0,"2024-08-19 03:55:21,040"
7768248,64980,7703268,24,6143356,807308,6142808,806908,548,400,4416,1344,8,0,5480,1740,6949624,3164,6704,6284,0,0,0,36704,127648,36704,90944,4096,0,0,0,0,0,0,0,"2024-08-19 03:55:31,042"
7768248,71136,7697112,24,6077972,866744,6077424,866344,548,400,4416,1344,0,0,5480,1740,6943944,3164,6704,6284,0,0,0,36704,127644,36704,90940,4096,0,0,0,0,0,0,0,"2024-08-19 03:55:41,044"
7768248,63368,7704880,24,6069460,884692,6068920,884284,540,408,4416,1344,0,0,5480,1740,6952992,3164,6704,6284,0,0,0,36704,127644,36704,90940,4096,0,0,0,0,0,0,0,"2024-08-19 03:55:51,045"
7768248,63868,7704380,24,6080820,872036,6080276,871632,544,404,4416,1344,0,0,5480,1740,6951816,3164,6704,6284,0,0,0,36704,127644,36704,90940,4096,0,0,0,0,0,0,0,"2024-08-19 03:56:01,047"
7768248,58364,7709884,24,6087252,871944,6086700,871540,552,404,4416,1344,4,0,5488,1740,6958148,3164,6704,6284,0,0,0,36704,127644,36704,90940,4096,0,0,0,0,0,0,0,"2024-08-19 03:56:11,049"
7768248,58064,7710184,24,6075652,883664,6075112,883256,540,408,4416,1344,4,0,5480,1740,6958276,3164,6704,6284,0,0,0,36704,127644,36704,90940,4096,0,0,0,0,0,0,0,"2024-08-19 03:56:21,051"
7768248,58996,7709252,24,6121656,836940,6121112,836536,544,404,4416,1344,4,0,5480,1740,6957556,3164,6704,6284,0,0,0,36704,127644,36704,90940,4096,0,0,0,0,0,0,0,"2024-08-19 03:56:31,052"
7768248,62852,7705396,24,6099736,853652,6099192,853248,544,404,4416,1344,0,0,5480,1740,6952448,3164,6704,6284,0,0,0,36704,127644,36704,90940,4096,0,0,0,0,0,0,0,"2024-08-19 03:56:41,054"
7768248,59140,7709108,24,6079572,878572,6079028,878168,544,404,4416,1344,0,0,5480,1740,6957104,3164,6704,6284,0,0,0,36704,127644,36704,90940,4096,0,0,0,0,0,0,0,"2024-08-19 03:56:51,056"
7768248,59224,7709024,24,6119008,837848,6118472,837436,536,412,4416,1344,0,0,5480,1740,6955816,3164,6704,6284,0,0,0,36704,127644,36704,90940,4096,0,0,0,0,0,0,0,"2024-08-19 03:57:01,058"
7768248,74612,7693636,24,6056612,884104,6056068,883700,544,404,4416,1344,0,0,5468,1740,6939688,3152,6704,6284,0,0,0,36704,127644,36704,90940,4096,0,0,0,0,0,0,0,"2024-08-19 03:57:11,060"
7768248,60208,7708040,24,6083984,871932,6083440,871528,544,404,4416,1344,0,0,5468,1740,6955208,3152,6704,6284,0,0,0,36704,127644,36704,90940,4096,0,0,0,0,0,0,0,"2024-08-19 03:57:21,061"
7768248,62740,7705508,24,6096500,855860,6095960,855452,540,408,4416,1344,0,0,5468,1740,6951332,3152,6704,6284,0,0,0,36704,127644,36704,90940,4096,0,0,0,0,0,0,0,"2024-08-19 03:57:31,063"
7768248,58404,7709844,24,6081316,875404,6080772,875000,544,404,4416,1344,0,0,5480,1740,6955680,3164,6704,6284,0,0,0,36704,127644,36704,90940,4096,0,0,0,0,0,0,0,"2024-08-19 03:57:41,065"
7768248,59956,7708292,24,6087772,867144,6087228,866740,544,404,4416,1344,0,0,5480,1740,6954028,3164,6704,6284,0,0,0,36704,127644,36704,90940,4096,0,0,0,0,0,0,0,"2024-08-19 03:57:51,067"
7768248,60536,7707712,24,6105468,849928,6104928,849520,540,408,4416,1344,0,0,5480,1740,6954352,3164,6720,6284,0,0,0,36704,127644,36704,90940,4096,0,0,0,0,0,0,0,"2024-08-19 03:58:01,068"
7768248,60492,7707756,24,6076592,878052,6076048,877648,544,404,4416,1344,0,0,5480,1740,6954080,3164,6720,6284,0,0,0,36704,127644,36704,90940,4096,0,0,0,0,0,0,0,"2024-08-19 03:58:11,070"
7768248,71440,7696808,24,6082552,862572,6082008,862168,544,404,4416,1344,0,0,5480,1740,6944224,3164,6720,6284,0,0,0,36704,127644,36704,90940,4096,0,0,0,0,0,0,0,"2024-08-19 03:58:21,072"
7768248,62396,7705852,24,6120500,832060,6119956,831656,544,404,4416,1344,0,0,5480,1740,6951676,3164,6720,6284,0,0,0,36704,127644,36704,90940,4096,0,0,0,0,0,0,0,"2024-08-19 03:58:31,074"
7768248,68008,7700240,24,6100548,847532,6100000,847132,548,400,4416,1344,0,0,5480,1740,6947040,3164,6720,6284,0,0,0,36704,127644,36704,90940,4096,0,0,0,0,0,0,0,"2024-08-19 03:58:41,075"
7768248,66684,7701564,24,6091444,857708,6090900,857304,544,404,4416,1344,0,0,5480,1740,6948112,3164,6720,6284,0,0,0,36704,127644,36704,90940,4096,0,0,0,0,0,0,0,"2024-08-19 03:58:51,077"
7768248,68300,7699948,24,6109700,838724,6109156,838320,544,404,4416,1344,0,0,5472,1740,6947392,3156,6720,6284,0,0,0,36704,127644,36704,90940,4096,0,0,0,0,0,0,0,"2024-08-19 03:59:01,079"
7768248,67284,7700964,24,6100660,847640,6100120,847232,540,408,4416,1344,0,0,5472,1740,6947560,3156,6720,6284,0,0,0,36704,127644,36704,90940,4096,0,0,0,0,0,0,0,"2024-08-19 03:59:11,080"
7768248,59920,7708328,24,6089804,866748,6089256,866348,548,400,4416,1344,0,0,5472,1740,6955788,3156,6720,6284,0,0,0,36704,127644,36704,90940,4096,0,0,0,0,0,0,0,"2024-08-19 03:59:21,082"
7768248,59544,7708704,24,6089528,868640,6088988,868232,540,408,4416,1344,0,0,5472,1740,6957136,3156,6720,6284,0,0,0,36704,127644,36704,90940,4096,0,0,0,0,0,0,0,"2024-08-19 03:59:31,084"
7768248,61772,7706476,24,6071668,883228,6071132,882816,536,412,4416,1344,0,0,5480,1740,6953824,3164,6720,6284,0,0,0,36704,127644,36704,90940,4096,0,0,0,0,0,0,0,"2024-08-19 03:59:41,086"
7768248,60180,7708068,24,6110428,849316,6109888,848908,540,408,4416,1344,0,0,5480,1740,6958964,3164,6720,6284,0,0,0,36704,127644,36704,90940,4096,0,0,0,0,0,0,0,"2024-08-19 03:59:51,087"
7768248,58972,7709276,24,6095748,865852,6095212,865440,536,412,4416,1344,0,0,5480,1740,6960560,3164,6720,6284,0,0,0,36704,127644,36704,90940,4096,0,0,0,0,0,0,0,"2024-08-19 04:00:01,089"
7768248,61984,7706264,24,6087896,870252,6087344,869848,552,404,4416,1344,0,0,5488,1740,6956904,3164,6720,6284,0,0,0,36704,127644,36704,90940,4096,0,0,0,0,0,0,0,"2024-08-19 04:00:11,091"
7768248,66160,7702088,24,6107932,844936,6107384,844528,548,408,4416,1344,0,0,5488,1740,6951940,3164,6720,6284,0,0,0,36704,127644,36704,90940,4096,0,0,0,0,0,0,0,"2024-08-19 04:00:21,093"
7768248,64440,7703808,24,6095448,860608,6094900,860208,548,400,4416,1344,0,0,5476,1740,6955292,3160,6720,6284,0,0,0,36704,127644,36704,90940,4096,0,0,0,0,0,0,0,"2024-08-19 04:00:31,095"
7768248,59184,7709064,24,6090616,869812,6090076,869404,540,408,4416,1344,0,0,5480,1740,6959384,3164,6720,6284,0,0,0,36704,127644,36704,90940,4096,0,0,0,0,0,0,0,"2024-08-19 04:00:41,097"
7768248,59724,7708524,24,6120836,838284,6120296,837876,540,408,4416,1344,0,0,5480,1740,6958080,3164,6720,6284,0,0,0,36704,127644,36704,90940,4096,0,0,0,0,0,0,0,"2024-08-19 04:00:51,099"
7768248,60224,7708024,24,6088136,869112,6087584,868716,552,396,4416,1344,0,0,5480,1740,6956112,3164,6720,6284,0,0,0,36704,127644,36704,90940,4096,0,0,0,0,0,0,0,"2024-08-19 04:01:01,100"
7768248,59820,7708428,24,6118356,839220,6117812,838816,544,404,4416,1344,0,0,5480,1740,6956536,3164,6720,6308,0,0,0,36704,127644,36704,90940,4096,0,0,0,0,0,0,0,"2024-08-19 04:01:11,102"
7768248,62684,7705564,24,6094056,860280,6093520,859868,536,412,4416,1344,0,0,5480,1740,6953296,3164,6720,6308,0,0,0,36704,127644,36704,90940,4096,0,0,0,0,0,0,0,"2024-08-19 04:01:21,104"
7768248,62136,7706112,24,6083144,872676,6082604,872268,540,408,4416,1344,0,0,5480,1740,6954780,3164,6720,6308,0,0,0,36704,127644,36704,90940,4096,0,0,0,0,0,0,0,"2024-08-19 04:01:31,106"
7768248,65668,7702580,24,6118264,833464,6117728,833052,536,412,4416,1344,0,0,5480,1740,6950688,3164,6720,6308,0,0,0,36704,127644,36704,90940,4096,0,0,0,0,0,0,0,"2024-08-19 04:01:41,107"
7768248,62328,7705920,24,6089612,866544,6089068,866140,544,404,4416,1344,0,0,5480,1740,6955116,3164,6720,6308,0,0,0,36704,127644,36704,90940,4096,0,0,0,0,0,0,0,"2024-08-19 04:01:51,109"
7768248,64252,7703996,24,6065660,887540,6065108,887144,552,396,4416,1344,0,0,5480,1740,6952192,3164,6720,6308,0,0,0,36704,127644,36704,90940,4096,0,0,0,0,0,0,0,"2024-08-19 04:02:01,111"
7768248,58076,7710172,24,6114880,845636,6114340,845228,540,408,4416,1344,0,0,5476,1740,6959480,3160,6720,6308,0,0,0,36704,127644,36704,90940,4096,0,0,0,0,0,0,0,"2024-08-19 04:02:11,112"
7768248,59312,7708936,24,6124448,834736,6123904,834332,544,404,4416,1344,0,0,5468,1740,6958156,3152,6720,6308,0,0,0,36704,127644,36704,90940,4096,0,0,0,0,0,0,0,"2024-08-19 04:02:21,114"
7768248,63252,7704996,24,6097464,856584,6096924,856176,540,408,4416,1344,0,0,5468,1740,6953348,3152,6720,6308,0,0,0,36704,127644,36704,90940,4096,0,0,0,0,0,0,0,"2024-08-19 04:02:31,116"
7768248,67384,7700864,24,6120420,828880,6119876,828476,544,404,4416,1344,0,0,5480,1740,6948492,3164,6720,6308,0,0,0,36704,127644,36704,90940,4096,0,0,0,0,0,0,0,"2024-08-19 04:02:41,118"
7768248,65924,7702324,24,6111916,839620,6111372,839216,544,404,4416,1344,0,0,5480,1740,6950496,3164,6720,6308,0,0,0,36704,127644,36704,90940,4096,0,0,0,0,0,0,0,"2024-08-19 04:02:51,120"
7768248,58236,7710012,24,6113400,846444,6112856,846040,544,404,4416,1344,0,0,5480,1740,6959048,3164,6704,6308,0,0,0,36704,127644,36704,90940,4096,0,0,0,0,0,0,0,"2024-08-19 04:03:01,121"
7768248,67656,7700592,24,6095672,854748,6095128,854344,544,404,4416,1344,0,0,5468,1740,6949392,3152,6704,6308,0,0,0,36704,127644,36704,90940,4096,0,0,0,0,0,0,0,"2024-08-19 04:03:11,123"
7768248,61976,7706272,24,6101804,853780,6101264,853372,540,408,4416,1344,0,0,5468,1740,6954256,3152,6704,6308,0,0,0,36704,127644,36704,90940,4096,0,0,0,0,0,0,0,"2024-08-19 04:03:21,125"
7768248,61468,7706780,24,6089692,865312,6089148,864908,544,404,4416,1344,0,0,5468,1740,6953976,3152,6704,6308,0,0,0,36704,127644,36704,90940,4096,0,0,0,0,0,0,0,"2024-08-19 04:03:31,126"
7768248,58508,7709740,24,6071376,888440,6070828,888040,548,400,4416,1344,0,0,5480,1740,6958776,3164,6704,6308,0,0,0,36704,127644,36704,90940,4096,0,0,0,0,0,0,0,"2024-08-19 04:03:41,128"
7768248,64548,7703700,24,6093900,859556,6093356,859152,544,404,4416,1344,0,0,5480,1740,6952640,3164,6704,6308,0,0,0,36704,127644,36704,90940,4096,0,0,0,0,0,0,0,"2024-08-19 04:03:51,130"
7768248,61368,7706880,24,6115520,841400,6114976,840996,544,404,4416,1344,0,0,5480,1740,6955880,3164,6704,6308,0,0,0,36704,127644,36704,90940,4096,0,0,0,0,0,0,0,"2024-08-19 04:04:01,132"
7768248,63820,7704428,24,6112820,841372,6112272,840972,548,400,4416,1344,0,0,5480,1740,6953284,3164,6704,6308,0,0,0,36704,127644,36704,90940,4096,0,0,0,0,0,0,0,"2024-08-19 04:04:11,134"
7768248,62692,7705556,24,6112044,844096,6111508,843684,536,412,4416,1344,0,0,5480,1740,6955100,3164,6704,6308,0,0,0,36704,127644,36704,90940,4096,0,0,0,0,0,0,0,"2024-08-19 04:04:21,135"
7768248,67732,7700516,24,6116428,833388,6115888,832980,540,408,4416,1344,0,0,5480,1740,6948776,3164,6704,6308,0,0,0,36704,127644,36704,90940,4096,0,0,0,0,0,0,0,"2024-08-19 04:04:31,137"
7768248,60972,7707276,24,6095396,861444,6094852,861040,544,404,4416,1344,0,0,5480,1740,6955800,3164,6704,6308,0,0,0,36704,127644,36704,90940,4096,0,0,0,0,0,0,0,"2024-08-19 04:04:41,139"
7768248,70944,7697304,24,6109800,835856,6109256,835452,544,404,4416,1344,0,0,5480,1740,6944676,3164,6704,6308,0,0,0,36704,127644,36704,90940,4096,0,0,0,0,0,0,0,"2024-08-19 04:04:51,141"
7768248,64360,7703888,24,6141644,810720,6141108,810308,536,412,4416,1344,0,0,5480,1740,6951648,3164,6704,6308,0,0,0,36704,127644,36704,90940,4096,0,0,0,0,0,0,0,"2024-08-19 04:05:01,142"
7768248,61644,7706604,24,6085080,869284,6084504,868864,576,420,4416,1344,12,0,5528,1772,6953624,3164,6704,6308,0,0,0,36704,127648,36704,90944,4096,0,0,0,0,0,0,0,"2024-08-19 04:05:11,144"
7768248,62160,7706088,24,6088796,866504,6088224,866080,572,424,4416,1344,12,0,5528,1772,6954484,3164,6704,6308,0,0,0,36704,127648,36704,90944,4096,0,0,0,0,0,0,0,"2024-08-19 04:05:21,146"
7768248,64776,7703472,24,6083964,867652,6083388,867232,576,420,4416,1344,12,0,5528,1772,6950596,3164,6704,6308,0,0,0,36704,127648,36704,90944,4096,0,0,0,0,0,0,0,"2024-08-19 04:05:31,148"
7768248,60888,7707360,24,6106272,849128,6105696,848700,576,428,4416,1344,0,0,5536,1772,6954452,3164,6704,6308,0,0,0,36704,127648,36704,90944,4096,0,0,0,0,0,0,0,"2024-08-19 04:05:41,149"
7768248,72584,7695664,24,6080144,863736,6079568,863308,576,428,4416,1344,0,0,5536,1772,6942988,3164,6704,6308,0,0,0,36704,127648,36704,90944,4096,0,0,0,0,0,0,0,"2024-08-19 04:05:51,151"
7768248,59420,7708828,24,6077624,879916,6077044,879492,580,424,4416,1344,0,0,5536,1772,6956652,3164,6704,6308,0,0,0,36704,127648,36704,90944,4096,0,0,0,0,0,0,0,"2024-08-19 04:06:01,153"
7768248,69132,7699116,24,6070208,878044,6069632,877616,576,428,4416,1344,0,0,5536,1772,6947468,3164,6704,6308,0,0,0,36704,127648,36704,90944,4096,0,0,0,0,0,0,0,"2024-08-19 04:06:11,155"
7768248,59420,7708828,24,6087580,869960,6087004,869532,576,428,4416,1344,0,0,5536,1772,6956404,3164,6704,6308,0,0,0,36704,127648,36704,90944,4096,0,0,0,0,0,0,0,"2024-08-19 04:06:21,156"
7768248,60648,7707600,24,6122720,834152,6122140,833728,580,424,4416,1344,0,0,5536,1772,6955912,3164,6704,6308,0,0,0,36704,127648,36704,90944,4096,0,0,0,0,0,0,0,"2024-08-19 04:06:31,158"
7768248,62524,7705724,24,6064664,889872,6064088,889444,576,428,4416,1344,0,0,5536,1772,6953312,3164,6704,6308,0,0,0,36704,127648,36704,90944,4096,0,0,0,0,0,0,0,"2024-08-19 04:06:41,160"
7768248,65904,7702344,24,6115128,836560,6114556,836128,572,432,4416,1344,0,0,5536,1772,6950592,3164,6704,6308,0,0,0,36704,127648,36704,90944,4096,0,0,0,0,0,0,0,"2024-08-19 04:06:51,162"
7768248,71508,7696740,24,6092584,854216,6092024,853780,560,436,4416,1344,0,0,5528,1772,6945792,3164,6704,6308,0,0,0,36704,127648,36704,90944,4096,0,0,0,0,0,0,0,"2024-08-19 04:07:01,163"
7768248,60492,7707756,24,6100788,858844,6100236,858412,552,432,4416,1344,0,0,5516,1764,6958624,3164,6704,6292,0,0,0,36704,127648,36704,90944,4096,0,0,0,0,0,0,0,"2024-08-19 04:07:11,164"
7768248,59052,7709196,24,6080260,879328,6079720,878920,540,408,4416,1344,0,0,5476,1744,6958580,3160,6704,6292,0,0,0,36704,127648,36704,90944,4096,0,0,0,0,0,0,0,"2024-08-19 04:07:21,166"
7768248,59992,7708256,24,6089532,867872,6088988,867468,544,404,4416,1344,0,0,5476,1744,6956472,3160,6704,6292,0,0,0,36704,127648,36704,90944,4096,0,0,0,0,0,0,0,"2024-08-19 04:07:31,168"
7768248,65772,7702476,24,6087556,865216,6087008,864816,548,400,4416,1344,0,0,5480,1744,6951820,3164,6704,6292,0,0,0,36704,127644,36704,90940,4096,0,0,0,0,0,0,0,"2024-08-19 04:07:41,170"
7768248,59792,7708456,24,6089024,869480,6088476,869080,548,400,4416,1344,0,0,5480,1744,6957672,3164,6704,6296,0,0,0,36704,127644,36704,90940,4096,0,0,0,0,0,0,0,"2024-08-19 04:07:51,171"
7768248,63748,7704500,24,6082732,872156,6082188,871752,544,404,4416,1344,0,0,5480,1744,6953756,3164,6704,6296,0,0,0,36704,127644,36704,90940,4096,0,0,0,0,0,0,0,"2024-08-19 04:08:01,178"
7768248,73172,7695076,24,6086140,857120,6085592,856720,548,400,4416,1344,0,0,5480,1744,6942260,3164,6704,6296,0,0,0,36704,127644,36704,90940,4096,0,0,0,0,0,0,0,"2024-08-19 04:08:11,180"
7768248,63568,7704680,24,6085104,869960,6084560,869556,544,404,4416,1344,0,0,5476,1744,6954220,3160,6704,6296,0,0,0,36704,127644,36704,90940,4096,0,0,0,0,0,0,0,"2024-08-19 04:08:21,181"
7768248,60412,7707836,24,6096328,862304,6095788,861896,540,408,4416,1344,0,0,5476,1744,6957384,3160,6704,6296,0,0,0,36704,127644,36704,90940,4096,0,0,0,0,0,0,0,"2024-08-19 04:08:31,183"
7768248,58096,7710152,24,6078228,881060,6077688,880652,540,408,4416,1344,0,0,5480,1744,6958248,3164,6704,6296,0,0,0,36704,127644,36704,90940,4096,0,0,0,0,0,0,0,"2024-08-19 04:08:41,185"
7768248,69404,7698844,24,6080808,867100,6080260,866700,548,400,4416,1344,0,0,5480,1744,6946936,3164,6704,6296,0,0,0,36704,127644,36704,90940,4096,0,0,0,0,0,0,0,"2024-08-19 04:08:51,187"
7768248,60632,7707616,24,6104124,851840,6103584,851432,540,408,4416,1344,0,0,5476,1744,6955300,3160,6720,6296,0,0,0,36704,127644,36704,90940,4096,0,0,0,0,0,0,0,"2024-08-19 04:09:01,189"
7768248,66916,7701332,24,6087480,862488,6086932,862080,548,408,4416,1344,8,0,5484,1744,6948924,3160,6720,6296,0,0,0,36704,127644,36704,90940,4096,0,0,0,0,0,0,0,"2024-08-19 04:09:11,190"
7768248,61932,7706316,24,6101608,854848,6101068,854440,540,408,4416,1344,8,0,5476,1744,6955420,3160,6720,6296,0,0,0,36704,127644,36704,90940,4096,0,0,0,0,0,0,0,"2024-08-19 04:09:21,192"
7768248,57200,7711048,24,6099976,857248,6099436,856840,540,408,4416,1344,12,0,5496,1764,6956232,3160,6800,6452,0,0,0,36700,127612,36700,90912,4096,0,0,0,0,0,0,0,"2024-08-19 04:09:31,194"
7768248,59624,7708624,24,6119172,835912,6118632,835496,540,416,4416,1344,0,0,5488,1752,6954036,3164,6752,6296,0,0,0,36704,127612,36704,90908,4096,0,0,0,0,0,0,0,"2024-08-19 04:09:41,196"
7768248,57212,7711036,24,6084308,874052,6083764,873648,544,404,4416,1344,0,0,5480,1748,6957320,3164,6752,6296,0,0,0,36704,127612,36704,90908,4096,0,0,0,0,0,0,0,"2024-08-19 04:09:51,197"
7768248,62584,7705664,24,6086216,865456,6085676,865048,540,408,4416,1344,0,0,5476,1748,6950820,3160,6752,6296,0,0,0,36704,127612,36704,90908,4096,0,0,0,0,0,0,0,"2024-08-19 04:10:01,199"
7768248,58092,7710156,24,6078700,877068,6078156,876664,544,404,4416,1344,0,0,5476,1748,6954964,3160,6752,6296,0,0,0,36704,127612,36704,90908,4096,0,0,0,0,0,0,0,"2024-08-19 04:10:11,201"
7768248,60996,7707252,24,6071348,882288,6070796,881892,552,396,4416,1344,0,0,5476,1748,6952784,3160,6752,6296,0,0,0,36704,127612,36704,90908,4096,0,0,0,0,0,0,0,"2024-08-19 04:10:21,203"
7768248,57796,7710452,24,6090528,866856,6089980,866456,548,400,4416,1344,0,0,5476,1748,6956204,3160,6752,6296,0,0,0,36704,127612,36704,90908,4096,0,0,0,0,0,0,0,"2024-08-19 04:10:31,204"
7768248,60712,7707536,24,6112672,840676,6112124,840276,548,400,4416,1344,0,0,5476,1748,6952556,3160,6752,6296,0,0,0,36704,127612,36704,90908,4096,0,0,0,0,0,0,0,"2024-08-19 04:10:41,206"
7768248,64932,7703316,24,6080928,868604,6080392,868192,536,412,4416,1344,0,0,5480,1748,6948492,3164,6752,6296,0,0,0,36704,127612,36704,90908,4096,0,0,0,0,0,0,0,"2024-08-19 04:10:51,207"
7768248,65560,7702688,24,6071016,877736,6070476,877328,540,408,4416,1344,0,0,5480,1748,6947960,3164,6752,6296,0,0,0,36704,127612,36704,90908,4096,0,0,0,0,0,0,0,"2024-08-19 04:11:01,209"
7768248,67932,7700316,24,6089748,856492,6089208,856084,540,408,4416,1344,0,0,5476,1748,6945440,3160,6752,6296,0,0,0,36704,127612,36704,90908,4096,0,0,0,0,0,0,0,"2024-08-19 04:11:11,211"
7768248,68544,7699704,24,6081168,865708,6080624,865304,544,404,4416,1344,0,0,5476,1748,6945996,3160,6752,6296,0,0,0,36704,127612,36704,90908,4096,0,0,0,0,0,0,0,"2024-08-19 04:11:21,213"
7768248,66080,7702168,24,6076360,873120,6075820,872712,540,408,4416,1344,0,0,5476,1748,6948512,3160,6752,6296,0,0,0,36704,127612,36704,90908,4096,0,0,0,0,0,0,0,"2024-08-19 04:11:31,215"
7768248,61576,7706672,24,6075972,877880,6075436,877468,536,412,4416,1344,0,0,5480,1748,6952812,3164,6752,6296,0,0,0,36704,127612,36704,90908,4096,0,0,0,0,0,0,0,"2024-08-19 04:11:41,217"
7768248,62408,7705840,24,6127788,825212,6127252,824800,536,412,4416,1344,0,0,5476,1748,6951964,3160,6752,6296,0,0,0,36704,127620,36704,90916,4096,0,0,0,0,0,0,0,"2024-08-19 04:11:51,218"
7768248,60712,7707536,24,6089552,863372,6089008,862968,544,404,4416,1344,0,0,5476,1748,6952084,3160,6752,6296,0,0,0,36704,127620,36704,90916,4096,0,0,0,0,0,0,0,"2024-08-19 04:12:01,219"
7768248,66920,7701328,24,6097256,850236,6096716,849828,540,408,4416,1344,0,0,5476,1748,6946692,3160,6752,6296,0,0,0,36704,127620,36704,90916,4096,0,0,0,0,0,0,0,"2024-08-19 04:12:11,221"
7768248,65944,7702304,24,6097368,849828,6096824,849424,544,404,4416,1344,0,0,5476,1748,6946296,3160,6752,6296,0,0,0,36704,127620,36704,90916,4096,0,0,0,0,0,0,0,"2024-08-19 04:12:21,223"
7768248,61100,7707148,24,6079744,874060,6079204,873652,540,408,4416,1344,0,0,5476,1748,6952768,3160,6752,6296,0,0,0,36704,127620,36704,90916,4096,0,0,0,0,0,0,0,"2024-08-19 04:12:31,225"
7768248,66904,7701344,24,6079232,869112,6078696,868700,536,412,4416,1344,0,0,5476,1748,6947308,3160,6752,6296,0,0,0,36704,127620,36704,90916,4096,0,0,0,0,0,0,0,"2024-08-19 04:12:41,226"
7768248,59332,7708916,24,6080716,876252,6080176,875844,540,408,4416,1344,0,0,5480,1748,6955928,3164,6752,6296,0,0,0,36704,127620,36704,90916,4096,0,0,0,0,0,0,0,"2024-08-19 04:12:51,228"
7768248,57936,7710312,24,6102028,856508,6101484,856104,544,404,4416,1344,0,0,5476,1748,6957500,3160,6752,6296,0,0,0,36704,127620,36704,90916,4096,0,0,0,0,0,0,0,"2024-08-19 04:13:01,229"
7768248,65520,7702728,24,6117892,830980,6117340,830584,552,396,4416,1344,0,0,5476,1748,6948224,3160,6752,6296,0,0,0,36704,127620,36704,90916,4096,0,0,0,0,0,0,0,"2024-08-19 04:13:11,230"
7768248,59196,7709052,24,6079540,876284,6078996,875880,544,404,4416,1344,0,0,5476,1748,6954788,3160,6752,6296,0,0,0,36704,127620,36704,90916,4096,0,0,0,0,0,0,0,"2024-08-19 04:13:21,232"
7768248,59052,7709196,24,6103336,852808,6102796,852400,540,408,4416,1344,0,0,5476,1748,6955108,3160,6752,6296,0,0,0,36704,127620,36704,90916,4096,0,0,0,0,0,0,0,"2024-08-19 04:13:31,234"
7768248,60076,7708172,24,6099024,856768,6098484,856360,540,408,4416,1344,0,0,5460,1748,6954772,3144,6752,6296,0,0,0,36704,127620,36704,90916,4096,0,0,0,0,0,0,0,"2024-08-19 04:13:41,235"
7768248,58956,7709292,24,6090292,866132,6089744,865732,548,400,4416,1344,4,0,5472,1748,6955416,3148,6752,6296,0,0,0,36704,127620,36704,90916,4096,0,0,0,0,0,0,0,"2024-08-19 04:13:51,237"
7768248,64540,7703708,24,6084348,865936,6083804,865532,544,404,4416,1344,4,0,5460,1748,6949292,3144,6752,6296,0,0,0,36704,127620,36704,90916,4096,0,0,0,0,0,0,0,"2024-08-19 04:14:01,239"
7768248,70988,7697260,24,6079792,863632,6079244,863232,548,400,4416,1344,4,0,5460,1748,6942464,3144,6752,6296,0,0,0,36704,127620,36704,90916,4096,0,0,0,0,0,0,0,"2024-08-19 04:14:11,241"
7768248,61676,7706572,24,6085584,868488,6085044,868080,540,408,4416,1344,0,0,5460,1748,6953100,3144,6752,6296,0,0,0,36704,127620,36704,90916,4096,0,0,0,0,0,0,0,"2024-08-19 04:14:21,243"
7768248,65304,7702944,24,6090388,860388,6089848,859980,540,408,4416,1344,0,0,5460,1748,6949392,3144,6752,6296,0,0,0,36704,127620,36704,90916,4096,0,0,0,0,0,0,0,"2024-08-19 04:14:31,245"
7768248,58140,7710108,24,6060100,896336,6059552,895936,548,400,4416,1344,0,0,5460,1748,6955416,3144,6752,6296,0,0,0,36704,127620,36704,90916,4096,0,0,0,0,0,0,0,"2024-08-19 04:14:41,247"
7768248,64424,7703824,24,6118788,831684,6118244,831272,544,412,4416,1344,4,0,5468,1748,6949712,3144,6720,6296,0,0,0,36704,127588,36704,90884,4096,0,0,0,0,0,0,0,"2024-08-19 04:14:51,248"
7768248,66780,7701468,24,6068684,879600,6068148,879184,536,416,4416,1344,4,0,5464,1748,6947668,3144,6720,6296,0,0,0,36704,127588,36704,90884,4096,0,0,0,0,0,0,0,"2024-08-19 04:15:01,251"
7768248,61284,7706964,24,6076324,876856,6075780,876440,544,416,4416,1344,12,0,5476,1748,6952148,3144,6720,6296,0,0,0,36708,127592,36708,90884,4096,0,0,0,0,0,0,0,"2024-08-19 04:15:11,253"
7768248,59708,7708540,24,6105820,847612,6105272,847212,548,400,4416,1344,0,0,5460,1748,6952188,3144,6720,6296,0,0,0,36708,127592,36708,90884,4096,0,0,0,0,0,0,0,"2024-08-19 04:15:21,255"
7768248,64456,7703792,24,6094316,855616,6093776,855208,540,408,4416,1344,0,0,5460,1748,6949388,3144,6720,6296,0,0,0,36708,127592,36708,90884,4096,0,0,0,0,0,0,0,"2024-08-19 04:15:31,257"
7768248,60168,7708080,24,6081312,874080,6080760,873684,552,396,4416,1344,0,0,5460,1748,6953932,3144,6720,6296,0,0,0,36708,127592,36708,90884,4096,0,0,0,0,0,0,0,"2024-08-19 04:15:41,258"
7768248,60708,7707540,24,6078824,875852,6078284,875444,540,408,4416,1344,0,0,5472,1748,6953576,3156,6720,6296,0,0,0,36708,127592,36708,90884,4096,0,0,0,0,0,0,0,"2024-08-19 04:15:51,260"
7768248,60712,7707536,24,6077080,875952,6076536,875548,544,404,4416,1344,0,0,5460,1748,6952124,3144,6704,6296,0,0,0,36708,127592,36708,90884,4096,0,0,0,0,0,0,0,"2024-08-19 04:16:01,262"
7768248,63980,7704268,24,6082628,868128,6082088,867720,540,408,4416,1344,0,0,5460,1748,6950056,3144,6752,6296,0,0,0,36708,127592,36708,90884,4096,0,0,0,0,0,0,0,"2024-08-19 04:16:11,264"
7768248,63112,7705136,24,6098580,858340,6098044,857928,536,412,4416,1344,0,0,5460,1748,6955900,3144,6752,6296,0,0,0,36708,127592,36708,90884,4096,0,0,0,0,0,0,0,"2024-08-19 04:16:21,265"
7768248,70424,7697824,24,6080760,869068,6080212,868668,548,400,4416,1344,0,0,5460,1748,6948860,3144,6752,6296,0,0,0,36708,127592,36708,90884,4096,0,0,0,0,0,0,0,"2024-08-19 04:16:31,267"
7768248,63256,7704992,24,6088328,865124,6087772,864732,556,392,4416,1344,0,0,5460,1748,6952612,3144,6752,6296,0,0,0,36708,127592,36708,90884,4096,0,0,0,0,0,0,0,"2024-08-19 04:16:41,269"
7768248,60584,7707664,24,6082396,876144,6081860,875732,536,412,4416,1344,0,0,5472,1748,6957424,3156,6752,6296,0,0,0,36708,127592,36708,90884,4096,0,0,0,0,0,0,0,"2024-08-19 04:16:51,271"
7768248,68204,7700044,24,6080212,869512,6079668,869108,544,404,4416,1344,0,0,5460,1748,6948676,3144,6752,6296,0,0,0,36708,127592,36708,90884,4096,0,0,0,0,0,0,0,"2024-08-19 04:17:01,273"
7768248,61528,7706720,24,6080268,875776,6079716,875372,552,404,4416,1344,8,0,5468,1748,6955016,3144,6752,6296,0,0,0,36700,127584,36700,90884,4096,0,0,0,0,0,0,0,"2024-08-19 04:17:11,275"
7768248,59204,7709044,24,6081724,877072,6081184,876664,540,408,4416,1344,8,0,5460,1748,6957776,3144,6752,6296,0,0,0,36700,127584,36700,90884,4096,0,0,0,0,0,0,0,"2024-08-19 04:17:21,276"
7768248,59356,7708892,24,6084288,874024,6083740,873624,548,400,4416,1344,8,0,5460,1748,6957292,3144,6752,6296,0,0,0,36700,127584,36700,90884,4096,0,0,0,0,0,0,0,"2024-08-19 04:17:31,278"
7768248,59824,7708424,32,6083012,873764,6082464,873356,548,408,4416,1344,0,0,5476,1748,6955800,3144,6752,6296,0,0,0,36700,127584,36700,90884,4096,0,0,0,0,0,0,0,"2024-08-19 04:17:41,280"
7768248,60372,7707876,32,6091960,866096,6091412,865696,548,400,4416,1344,0,0,5480,1748,6957024,3156,6752,6296,0,0,0,36700,127576,36700,90876,4096,0,0,0,0,0,0,0,"2024-08-19 04:17:51,282"
7768248,69288,7698960,24,6109956,836584,6109416,836176,540,408,4416,1344,0,0,5472,1748,6945592,3156,6768,6296,0,0,0,36700,127576,36700,90876,4096,0,0,0,0,0,0,0,"2024-08-19 04:18:01,284"
7768248,62420,7705828,24,6105596,848964,6105056,848556,540,408,4416,1344,0,0,5472,1748,6953504,3156,6768,6296,0,0,0,36700,127576,36700,90876,4096,0,0,0,0,0,0,0,"2024-08-19 04:18:11,285"
7768248,57436,7710812,24,6084180,876004,6083644,875592,536,412,4416,1344,0,0,5472,1748,6959152,3156,6768,6296,0,0,0,36700,127576,36700,90876,4096,0,0,0,0,0,0,0,"2024-08-19 04:18:21,287"
7768248,65596,7702652,24,6081784,870060,6081240,869656,544,404,4416,1344,0,0,5460,1748,6950592,3144,6768,6296,0,0,0,36700,127576,36700,90876,4096,0,0,0,0,0,0,0,"2024-08-19 04:18:31,289"
7768248,60024,7708224,24,6085128,870636,6084580,870236,548,400,4416,1344,0,0,5460,1748,6955128,3144,6768,6296,0,0,0,36700,127576,36700,90876,4096,0,0,0,0,0,0,0,"2024-08-19 04:18:41,291"
7768248,63724,7704524,24,6088360,864496,6087808,864092,552,404,4416,1344,0,0,5480,1748,6951848,3156,6768,6296,0,0,0,36700,127576,36700,90876,4096,0,0,0,0,0,0,0,"2024-08-19 04:18:51,293"
7768248,65568,7702680,24,6090468,860916,6089912,860516,556,400,4416,1344,0,0,5480,1748,6950508,3156,6768,6296,0,0,0,36700,127576,36700,90876,4096,0,0,0,0,0,0,0,"2024-08-19 04:19:01,294"
7768248,64028,7704220,24,6088568,862556,6088024,862144,544,412,4416,1344,0,0,5480,1748,6950584,3156,6768,6296,0,0,0,36700,127576,36700,90876,4096,0,0,0,0,0,0,0,"2024-08-19 04:19:11,296"
7768248,65268,7702980,24,6093820,858032,6093272,857624,548,408,4416,1344,0,0,5480,1748,6950980,3156,6768,6296,0,0,0,36700,127576,36700,90876,4096,0,0,0,0,0,0,0,"2024-08-19 04:19:21,298"
7768248,69888,7698360,24,6077988,868296,6077444,867884,544,412,4416,1344,0,0,5480,1748,6945404,3156,6768,6296,0,0,0,36700,127576,36700,90876,4096,0,0,0,0,0,0,0,"2024-08-19 04:19:31,300"
7768248,58608,7709640,24,6102396,854956,6101848,854548,548,408,4416,1344,0,0,5480,1748,6956648,3156,6768,6296,0,0,0,36700,127576,36700,90876,4096,0,0,0,0,0,0,0,"2024-08-19 04:19:41,301"
7768248,62360,7705888,24,6082620,871252,6082072,870848,548,404,4416,1344,0,0,5476,1748,6952544,3156,6768,6296,0,0,0,36700,127576,36700,90876,4096,0,0,0,0,0,0,0,"2024-08-19 04:19:51,303"
7768248,62776,7705472,24,6093056,860476,6092508,860072,548,404,4416,1344,0,0,5476,1748,6952744,3156,6768,6296,0,0,0,36700,127576,36700,90876,4096,0,0,0,0,0,0,0,"2024-08-19 04:20:01,305"
7768248,72124,7696124,24,6096056,849788,6095508,849384,548,404,4416,1344,0,0,5476,1748,6944808,3156,6768,6296,0,0,0,36700,127576,36700,90876,4096,0,0,0,0,0,0,0,"2024-08-19 04:20:11,307"
7768248,61536,7706712,24,6090108,867644,6089560,867240,548,404,4416,1344,0,0,5476,1748,6956716,3156,6768,6296,0,0,0,36700,127576,36700,90876,4096,0,0,0,0,0,0,0,"2024-08-19 04:20:21,308"
7768248,59060,7709188,24,6092148,865920,6091604,865512,544,408,4416,1344,0,0,5476,1748,6957032,3156,6768,6296,0,0,0,36700,127576,36700,90876,4096,0,0,0,0,0,0,0,"2024-08-19 04:20:31,310"
7768248,64920,7703328,24,6114192,837788,6113652,837380,540,408,4416,1344,0,0,5464,1748,6951096,3148,6768,6296,0,0,0,36700,127576,36700,90876,4096,0,0,0,0,0,0,0,"2024-08-19 04:20:41,312"
7768248,62332,7705916,24,6083740,871112,6083200,870704,540,408,4416,1344,0,0,5472,1748,6953952,3156,6768,6296,0,0,0,36700,127576,36700,90876,4096,0,0,0,0,0,0,0,"2024-08-19 04:20:51,314"
7768248,63920,7704328,24,6087692,865664,6087144,865264,548,400,4416,1344,0,0,5472,1748,6952324,3156,6768,6296,0,0,0,36700,127576,36700,90876,4096,0,0,0,0,0,0,0,"2024-08-19 04:21:01,315"
7768248,61164,7707084,24,6136112,819252,6135564,818852,548,400,4416,1344,0,0,5472,1748,6954460,3156,6768,6296,0,0,0,36700,127576,36700,90876,4096,0,0,0,0,0,0,0,"2024-08-19 04:21:11,317"
7768248,62940,7705308,24,6078228,876184,6077688,875776,540,408,4416,1344,0,0,5472,1748,6953232,3156,6720,6296,0,0,0,36700,127576,36700,90876,4096,0,0,0,0,0,0,0,"2024-08-19 04:21:21,319"
7768248,69272,7698976,24,6079260,867304,6078712,866904,548,400,4416,1344,0,0,5472,1748,6945956,3156,6720,6296,0,0,0,36700,127576,36700,90876,4096,0,0,0,0,0,0,0,"2024-08-19 04:21:31,321"
7768248,64888,7703360,24,6113644,838184,6113100,837780,544,404,4416,1344,0,0,5460,1748,6950860,3144,6720,6296,0,0,0,36700,127576,36700,90876,4096,0,0,0,0,0,0,0,"2024-08-19 04:21:41,322"
7768248,60916,7707332,24,6085976,871552,6085432,871148,544,404,4416,1344,0,0,5472,1748,6956300,3156,6720,6296,0,0,0,36700,127576,36700,90876,4096,0,0,0,0,0,0,0,"2024-08-19 04:21:51,324"
7768248,68508,7699740,24,6079544,868492,6079000,868088,544,404,4416,1344,0,0,5472,1748,6947340,3156,6720,6296,0,0,0,36700,127576,36700,90876,4096,0,0,0,0,0,0,0,"2024-08-19 04:22:01,326"
7768248,64556,7703692,24,6094092,857424,6093536,857032,556,392,4416,1344,0,0,5472,1748,6950772,3156,6720,6296,0,0,0,36700,127576,36700,90876,4096,0,0,0,0,0,0,0,"2024-08-19 04:22:11,327"
7768248,61108,7707140,24,6095676,860668,6095128,860268,548,400,4416,1344,0,0,5472,1748,6954992,3156,6720,6296,0,0,0,36700,127576,36700,90876,4096,0,0,0,0,0,0,0,"2024-08-19 04:22:21,329"
7768248,64176,7704072,24,6114728,838024,6114180,837624,548,400,4416,1344,0,0,5472,1748,6951856,3156,6720,6296,0,0,0,36700,127576,36700,90876,4096,0,0,0,0,0,0,0,"2024-08-19 04:22:31,331"
7768248,68660,7699588,24,6097832,850760,6097292,850352,540,408,4416,1344,0,0,5472,1748,6947704,3156,6720,6296,0,0,0,36700,127576,36700,90876,4096,0,0,0,0,0,0,0,"2024-08-19 04:22:41,333"
7768248,69148,7699100,24,6093816,853936,6093272,853532,544,404,4416,1344,0,0,5472,1748,6947044,3156,6720,6296,0,0,0,36700,127584,36700,90884,4096,0,0,0,0,0,0,0,"2024-08-19 04:22:51,334"
7768248,72856,7695392,24,6079800,864736,6079256,864332,544,404,4416,1344,0,0,5472,1748,6943504,3156,6720,6296,0,0,0,36700,127584,36700,90884,4096,0,0,0,0,0,0,0,"2024-08-19 04:23:01,335"
7768248,60004,7708244,24,6090764,866312,6090216,865904,548,408,4416,1344,0,0,5480,1748,6956036,3156,6720,6296,0,0,0,36700,127584,36700,90884,4096,0,0,0,0,0,0,0,"2024-08-19 04:23:11,336"
7768248,62812,7705436,24,6114016,841312,6113472,840900,544,412,4416,1344,0,0,5480,1748,6954288,3156,6720,6296,0,0,0,36700,127584,36700,90884,4096,0,0,0,0,0,0,0,"2024-08-19 04:23:21,338"
7768248,64316,7703932,24,6092428,859720,6091880,859312,548,408,4416,1344,0,0,5480,1748,6951108,3156,6720,6296,0,0,0,36700,127584,36700,90884,4096,0,0,0,0,0,0,0,"2024-08-19 04:23:31,340"
7768248,63596,7704652,24,6162388,792028,6161828,791632,560,396,4416,1344,0,0,5480,1748,6953644,3156,6720,6296,0,0,0,36700,127584,36700,90884,4096,0,0,0,0,0,0,0,"2024-08-19 04:23:41,342"
7768248,60080,7708168,24,6130872,827172,6130316,826772,556,400,4416,1344,0,0,5480,1748,6956884,3156,6720,6296,0,0,0,36700,127584,36700,90884,4096,0,0,0,0,0,0,0,"2024-08-19 04:23:51,343"
7768248,62796,7705452,24,6091320,864368,6090768,863964,552,404,4416,1344,0,0,5480,1748,6954648,3156,6720,6296,0,0,0,36700,127584,36700,90884,4096,0,0,0,0,0,0,0,"2024-08-19 04:24:01,345"
7768248,60312,7707936,24,6089972,867220,6089416,866820,556,400,4416,1344,0,0,5480,1748,6956308,3156,6720,6296,0,0,0,36700,127584,36700,90884,4096,0,0,0,0,0,0,0,"2024-08-19 04:24:11,347"
7768248,60244,7708004,24,6091676,865336,6091132,864932,544,404,4416,1344,0,0,5472,1748,6956376,3156,6720,6296,0,0,0,36700,127584,36700,90884,4096,0,0,0,0,0,0,0,"2024-08-19 04:24:21,348"
7768248,66740,7701508,24,6105660,845028,6105116,844624,544,404,4416,1344,0,0,5472,1748,6949656,3156,6720,6296,0,0,0,36700,127584,36700,90884,4096,0,0,0,0,0,0,0,"2024-08-19 04:24:31,350"
7768248,62428,7705820,248,6092228,862632,6091392,861876,836,756,4416,1344,0,0,6340,2256,6953168,3156,6720,6312,0,0,0,36700,127584,36700,90884,10240,0,0,0,0,0,0,0,"2024-08-19 04:24:41,351"
7768248,61524,7706724,252,6102660,850104,6101916,849436,744,668,4416,1344,8,0,6164,2208,6951340,3156,6720,6312,0,0,0,36700,127584,36700,90884,14336,0,0,0,0,0,0,0,"2024-08-19 04:24:51,352"
7768248,69612,7698636,252,6068944,869100,6068292,868480,652,620,4416,1344,12,0,6024,2064,6936876,3156,6720,6312,0,0,0,36700,127584,36700,90884,14336,0,0,0,0,0,0,0,"2024-08-19 04:25:01,353"
7768248,55084,7713164,236,6078976,879304,6078408,878860,568,444,4416,1344,8,0,5748,1796,6957572,3156,6720,6312,0,0,0,36700,127584,36700,90884,12288,0,0,0,0,0,0,0,"2024-08-19 04:25:11,355"
7768248,56376,7711872,120,6065988,886456,6065420,886032,568,424,4416,1344,8,0,5612,1776,6951804,3156,6720,6312,0,0,0,36700,127584,36700,90884,14336,0,0,0,0,0,0,0,"2024-08-19 04:25:21,357"
7768248,70164,7698084,120,6090204,847588,6089652,847176,552,412,4416,1344,8,0,5584,1748,6937028,3156,6720,6292,0,0,0,36700,127584,36700,90884,10240,0,0,0,0,0,0,0,"2024-08-19 04:25:31,358"
7768248,58032,7710216,120,6082692,868304,6082132,867900,560,404,4416,1344,4,0,5584,1748,6949996,3156,6720,6308,0,0,0,36700,127616,36700,90916,14336,0,0,0,0,0,0,0,"2024-08-19 04:25:41,360"
7768248,57944,7710304,120,6081460,868436,6080900,868032,560,404,4416,1344,0,0,5584,1748,6949336,3156,6720,6292,0,0,0,36700,127616,36700,90916,10240,0,0,0,0,0,0,0,"2024-08-19 04:25:51,361"
7768248,58456,7709792,120,6094124,856032,6093556,855636,568,396,4416,1344,0,0,5584,1748,6949108,3156,6720,6292,0,0,0,36700,127624,36700,90924,10240,0,0,0,0,0,0,0,"2024-08-19 04:26:01,363"
7768248,59980,7708268,24,6072436,875856,6071880,875448,556,408,4416,1344,0,0,5488,1748,6947244,3156,6720,6292,0,0,0,36700,127624,36700,90924,10240,0,0,0,0,0,0,0,"2024-08-19 04:26:11,365"
7768248,59372,7708876,24,6113772,834256,6113212,833852,560,404,4416,1344,0,0,5488,1748,6946980,3156,6720,6292,0,0,0,36700,127624,36700,90924,10240,0,0,0,0,0,0,0,"2024-08-19 04:26:21,366"
7768248,65948,7702300,24,6092552,848952,6092004,848536,548,416,4416,1344,0,0,5488,1748,6940456,3156,6720,6292,0,0,0,36700,127624,36700,90924,10240,0,0,0,0,0,0,0,"2024-08-19 04:26:31,368"
7768248,59864,7708384,24,6090136,861156,6089584,860744,552,412,4416,1344,0,0,5488,1748,6950556,3156,6720,6292,0,0,0,36700,127624,36700,90924,10240,0,0,0,0,0,0,0,"2024-08-19 04:26:41,370"
7768248,58376,7709872,24,6056256,896848,6055708,896432,548,416,4416,1344,0,0,5488,1748,6952224,3156,6720,6292,0,0,0,36700,127624,36700,90924,10240,0,0,0,0,0,0,0,"2024-08-19 04:26:51,371"
7768248,63180,7705068,24,6087156,861560,6086596,861156,560,404,4416,1344,0,0,5488,1748,6947648,3156,6720,6292,0,0,0,36700,127624,36700,90924,10240,0,0,0,0,0,0,0,"2024-08-19 04:27:01,373"
7768248,62392,7705856,24,6085880,860864,6085332,860460,548,404,4416,1344,0,0,5476,1748,6945708,3156,6720,6292,0,0,0,36700,127624,36700,90924,10240,0,0,0,0,0,0,0,"2024-08-19 04:27:11,375"
7768248,70348,7697900,24,6110512,829684,6109964,829280,548,404,4416,1344,0,0,5476,1748,6939052,3156,6720,6292,0,0,0,36700,127624,36700,90924,10240,0,0,0,0,0,0,0,"2024-08-19 04:27:21,377"
7768248,64660,7703588,24,6062804,882428,6062252,882032,552,396,4416,1344,0,0,5472,1748,6944504,3156,6720,6292,0,0,0,36700,127624,36700,90924,10240,0,0,0,0,0,0,0,"2024-08-19 04:27:31,379"
7768248,70748,7697500,24,6108596,830772,6108052,830368,544,404,4416,1344,0,0,5472,1748,6938652,3156,6720,6292,0,0,0,36700,127624,36700,90924,10240,0,0,0,0,0,0,0,"2024-08-19 04:27:41,381"
7768248,66148,7702100,24,6074640,870324,6074100,869916,540,408,4416,1344,0,0,5472,1748,6943964,3156,6720,6292,0,0,0,36700,127624,36700,90924,10240,0,0,0,0,0,0,0,"2024-08-19 04:27:51,383"
7768248,60852,7707396,24,6068500,880836,6067952,880436,548,400,4416,1344,0,0,5472,1748,6948304,3156,6720,6292,0,0,0,36700,127624,36700,90924,10240,0,0,0,0,0,0,0,"2024-08-19 04:28:01,385"
7768248,63648,7704600,24,6091648,854664,6091104,854260,544,404,4416,1344,0,0,5472,1748,6945280,3156,6704,6292,0,0,0,36700,127624,36700,90924,10240,0,0,0,0,0,0,0,"2024-08-19 04:28:11,386"
7768248,63572,7704676,24,6076192,869328,6075648,868924,544,404,4416,1344,0,0,5472,1748,6944488,3156,6704,6292,0,0,0,36700,127624,36700,90924,10240,0,0,0,0,0,0,0,"2024-08-19 04:28:21,388"
7768248,59256,7708992,24,6089016,861812,6088468,861412,548,400,4416,1344,0,0,5472,1748,6950092,3156,6704,6292,0,0,0,36700,127624,36700,90924,10240,0,0,0,0,0,0,0,"2024-08-19 04:28:31,402"
7768248,63156,7705092,24,6079792,868380,6079244,867980,548,400,4416,1344,0,0,5472,1748,6947508,3156,6704,6292,0,0,0,36700,127624,36700,90924,10240,0,0,0,0,0,0,0,"2024-08-19 04:28:41,404"
7768248,59380,7708868,24,6084480,866692,6083944,866280,536,412,4416,1344,0,0,5472,1748,6950160,3156,6704,6292,0,0,0,36700,127624,36700,90924,10240,0,0,0,0,0,0,0,"2024-08-19 04:28:51,426"
7768248,61552,7706696,24,6083280,864208,6082740,863800,540,408,4416,1344,0,0,5472,1748,6946520,3156,6704,6292,0,0,0,36700,127624,36700,90924,10240,0,0,0,0,0,0,0,"2024-08-19 04:29:01,427"
7768248,66416,7701832,24,6134736,809252,6134196,808844,540,408,4416,1344,0,0,5468,1748,6942960,3152,6704,6292,0,0,0,36700,127624,36700,90924,10240,0,0,0,0,0,0,0,"2024-08-19 04:29:11,428"
7768248,70748,7697500,24,6109256,829348,6108716,828940,540,408,4416,1344,0,0,5468,1748,6937880,3152,6704,6292,0,0,0,36700,127624,36700,90924,10240,0,0,0,0,0,0,0,"2024-08-19 04:29:21,429"
7768248,69592,7698656,24,6060208,879980,6059668,879572,540,408,4416,1344,0,0,5468,1748,6938904,3152,6704,6292,0,0,0,36700,127624,36700,90924,10240,0,0,0,0,0,0,0,"2024-08-19 04:29:31,431"
7768248,72712,7695536,24,6097484,840068,6096940,839664,544,404,4416,1344,0,0,5468,1748,6937060,3152,6704,6292,0,0,0,36700,127624,36700,90924,10240,0,0,0,0,0,0,0,"2024-08-19 04:29:41,494"
7768248,59940,7708308,24,6111160,839108,6110620,838700,540,408,4416,1344,0,0,5472,1748,6949268,3156,6704,6292,0,0,0,36700,127624,36700,90924,10240,0,0,0,0,0,0,0,"2024-08-19 04:29:51,495"
7768248,68924,7699324,24,6106900,834700,6106360,834292,540,408,4416,1344,0,0,5472,1748,6940724,3156,6704,6292,0,0,0,36700,127624,36700,90924,10240,0,0,0,0,0,0,0,"2024-08-19 04:30:01,497"
7768248,62336,7705912,24,6100564,847824,6100016,847416,548,408,4416,1344,0,0,5480,1748,6947544,3156,6704,6296,0,0,0,36700,127624,36700,90924,10240,0,0,0,0,0,0,0,"2024-08-19 04:30:11,498"
7768248,63564,7704684,24,6068412,877748,6067864,877340,548,408,4416,1344,0,0,5480,1748,6945208,3156,6704,6296,0,0,0,36700,127624,36700,90924,10240,0,0,0,0,0,0,0,"2024-08-19 04:30:21,499"
7768248,61860,7706388,24,6073892,874328,6073340,873924,552,404,4416,1344,0,0,5480,1748,6947180,3156,6704,6296,0,0,0,36700,127624,36700,90924,10240,0,0,0,0,0,0,0,"2024-08-19 04:30:31,501"
7768248,69168,7699080,24,6090360,852272,6089812,851864,548,408,4416,1344,0,0,5476,1748,6941636,3152,6704,6296,0,0,0,36700,127624,36700,90924,10240,0,0,0,0,0,0,0,"2024-08-19 04:30:41,503"
7768248,67972,7700276,24,6093008,848628,6092456,848224,552,404,4416,1344,0,0,5480,1748,6940928,3156,6704,6296,0,0,0,36700,127624,36700,90924,10240,0,0,0,0,0,0,0,"2024-08-19 04:30:51,505"
7768248,62136,7706112,24,6118496,831056,6117940,830656,556,400,4416,1344,0,0,5480,1748,6948616,3156,6704,6296,0,0,0,36700,127624,36700,90924,10240,0,0,0,0,0,0,0,"2024-08-19 04:31:01,507"
7768248,64088,7704160,24,6074620,871620,6074064,871220,556,400,4416,1344,0,0,5480,1748,6945200,3156,6704,6296,0,0,0,36700,127624,36700,90924,10240,0,0,0,0,0,0,0,"2024-08-19 04:31:11,508"
7768248,66940,7701308,24,6053588,890392,6053044,889988,544,404,4416,1344,0,0,5472,1748,6942948,3156,6704,6296,0,0,0,36700,127624,36700,90924,10240,0,0,0,0,0,0,0,"2024-08-19 04:31:21,510"
7768248,65976,7702272,24,6088460,855932,6087920,855524,540,408,4416,1344,0,0,5472,1748,6943360,3156,6704,6296,0,0,0,36700,127624,36700,90924,10240,0,0,0,0,0,0,0,"2024-08-19 04:31:31,512"
7768248,64976,7703272,24,6074944,871076,6074396,870676,548,400,4416,1344,0,0,5472,1748,6944988,3156,6704,6296,0,0,0,36700,127624,36700,90924,10240,0,0,0,0,0,0,0,"2024-08-19 04:31:41,514"
7768248,67484,7700764,24,6101872,841848,6101324,841448,548,400,4416,1344,0,0,5472,1748,6942704,3156,6704,6296,0,0,0,36700,127624,36700,90924,10240,0,0,0,0,0,0,0,"2024-08-19 04:31:51,515"
7768248,65608,7702640,24,6073424,868868,6072884,868460,540,408,4416,1344,0,0,5464,1748,6941532,3148,6704,6296,0,0,0,36700,127624,36700,90924,12288,0,0,0,0,0,0,0,"2024-08-19 04:32:01,516"
7768248,61864,7706384,24,6082996,866292,6082456,865884,540,408,4416,1344,0,0,5460,1748,6948240,3144,6704,6296,0,0,0,36700,127624,36700,90924,10240,0,0,0,0,0,0,0,"2024-08-19 04:32:11,518"
7768248,69792,7698456,24,6108408,833668,6107868,833260,540,408,4416,1344,0,0,5460,1748,6941384,3144,6704,6296,0,0,0,36700,127624,36700,90924,10240,0,0,0,0,0,0,0,"2024-08-19 04:32:21,520"
7768248,64040,7704208,24,6101964,845232,6101420,844828,544,404,4416,1344,0,0,5460,1748,6946108,3144,6704,6296,0,0,0,36700,127624,36700,90924,10240,0,0,0,0,0,0,0,"2024-08-19 04:32:31,521"
7768248,60976,7707272,24,6114120,835268,6113584,834856,536,412,4416,1344,0,0,5460,1748,6948368,3144,6704,6296,0,0,0,36700,127624,36700,90924,10240,0,0,0,0,0,0,0,"2024-08-19 04:32:41,523"
7768248,59712,7708536,24,6123464,828076,6122924,827668,540,408,4416,1344,0,0,5472,1748,6950508,3156,6704,6296,0,0,0,36700,127624,36700,90924,10240,0,0,0,0,0,0,0,"2024-08-19 04:32:51,525"
7768248,60008,7708240,24,6097052,853460,6096512,853052,540,408,4416,1344,0,0,5472,1748,6949480,3156,6704,6296,0,0,0,36700,127624,36700,90924,10240,0,0,0,0,0,0,0,"2024-08-19 04:33:01,527"
7768248,62452,7705796,24,6066476,880600,6065932,880196,544,404,4416,1344,0,0,5460,1748,6946056,3144,6704,6296,0,0,0,36700,127624,36700,90924,10240,0,0,0,0,0,0,0,"2024-08-19 04:33:11,528"
7768248,64568,7703680,24,6123312,822372,6122768,821968,544,404,4416,1344,0,0,5460,1748,6944664,3144,6704,6296,0,0,0,36700,127624,36700,90924,10240,0,0,0,0,0,0,0,"2024-08-19 04:33:21,530"
7768248,63324,7704924,24,6093540,854076,6092992,853676,548,400,4416,1344,0,0,5460,1748,6946596,3144,6704,6296,0,0,0,36700,127624,36700,90924,10240,0,0,0,0,0,0,0,"2024-08-19 04:33:31,532"
7768248,69736,7698512,24,6082320,859064,6081784,858652,536,412,4416,1344,0,0,5460,1748,6940372,3144,6704,6296,0,0,0,36700,127624,36700,90924,10240,0,0,0,0,0,0,0,"2024-08-19 04:33:41,534"
7768248,67156,7701092,24,6152944,790328,6152404,789920,540,408,4416,1344,0,0,5472,1748,6942192,3156,6704,6296,0,0,0,36700,127624,36700,90924,10240,0,0,0,0,0,0,0,"2024-08-19 04:33:51,535"
7768248,60756,7707492,24,6072712,879116,6072168,878712,544,404,4416,1344,0,0,5460,1748,6951140,3144,6704,6296,0,0,0,36700,127624,36700,90924,10240,0,0,0,0,0,0,0,"2024-08-19 04:34:01,537"
7768248,59892,7708356,24,6084700,867604,6084164,867192,536,412,4416,1344,0,0,5460,1748,6951480,3144,6704,6296,0,0,0,36700,127624,36700,90924,10240,0,0,0,0,0,0,0,"2024-08-19 04:34:11,539"
7768248,64424,7703824,24,6078588,868604,6078048,868196,540,408,4416,1344,0,0,5460,1748,6946348,3144,6704,6296,0,0,0,36700,127624,36700,90924,10240,0,0,0,0,0,0,0,"2024-08-19 04:34:21,541"
7768248,60060,7708188,24,6099060,855220,6098520,854812,540,408,4416,1344,0,0,5460,1748,6953260,3144,6704,6296,0,0,0,36700,127624,36700,90924,10240,0,0,0,0,0,0,0,"2024-08-19 04:34:31,542"
7768248,59116,7709132,24,6084764,868568,6084224,868160,540,408,4416,1344,0,0,5460,1748,6952312,3144,6704,6296,0,0,0,36700,127624,36700,90924,10240,0,0,0,0,0,0,0,"2024-08-19 04:34:41,544"
7768248,65016,7703232,24,6083988,864172,6083448,863764,540,408,4416,1344,0,0,5464,1748,6947408,3148,6704,6296,0,0,0,36700,127624,36700,90924,10240,0,0,0,0,0,0,0,"2024-08-19 04:34:51,546"
7768248,62612,7705636,24,6101848,850032,6101312,849620,536,412,4416,1344,0,0,5460,1748,6951000,3144,6704,6296,0,0,0,36700,127624,36700,90924,10240,0,0,0,0,0,0,0,"2024-08-19 04:35:01,548"
7768248,58232,7710016,24,6106964,848024,6106416,847616,548,408,4416,1344,8,0,5468,1748,6953960,3144,6704,6296,0,0,0,36700,127624,36700,90924,10240,0,0,0,0,0,0,0,"2024-08-19 04:35:11,549"
7768248,61840,7706408,24,6108296,843108,6107744,842696,552,412,4416,1344,8,0,5476,1748,6950368,3144,6704,6296,0,0,0,36700,127624,36700,90924,10240,0,0,0,0,0,0,0,"2024-08-19 04:35:21,551"
7768248,67288,7700960,24,6069212,875760,6068676,875348,536,412,4416,1344,0,0,5460,1748,6944380,3144,6704,6296,0,0,0,36700,127624,36700,90924,10240,0,0,0,0,0,0,0,"2024-08-19 04:35:31,553"
7768248,59376,7708872,24,6105208,848792,6104664,848388,544,404,4416,1344,0,0,5460,1748,6952980,3144,6704,6296,0,0,0,36700,127624,36700,90924,10240,0,0,0,0,0,0,0,"2024-08-19 04:35:41,555"
7768248,64712,7703536,24,6093968,855376,6093428,854968,540,408,4416,1344,0,0,5472,1748,6948440,3156,6704,6296,0,0,0,36700,127624,36700,90924,10240,0,0,0,0,0,0,0,"2024-08-19 04:35:51,556"
7768248,67012,7701236,24,6122976,823376,6122436,822968,540,408,4416,1344,0,0,5460,1748,6945392,3144,6720,6296,0,0,0,36700,127624,36700,90924,10240,0,0,0,0,0,0,0,"2024-08-19 04:36:01,558"
7768248,66580,7701668,24,6084580,864236,6084032,863836,548,400,4416,1344,0,0,5460,1748,6947940,3144,6720,6296,0,0,0,36700,127624,36700,90924,10240,0,0,0,0,0,0,0,"2024-08-19 04:36:11,560"
7768248,65404,7702844,24,6092824,859036,6092276,858636,548,400,4416,1344,0,0,5460,1748,6950916,3144,6720,6296,0,0,0,36700,127624,36700,90924,10240,0,0,0,0,0,0,0,"2024-08-19 04:36:21,561"
7768248,72284,7695964,24,6089460,851576,6088920,851168,540,408,4416,1344,0,0,5460,1748,6940072,3144,6720,6296,0,0,0,36700,127624,36700,90924,10240,0,0,0,0,0,0,0,"2024-08-19 04:36:31,563"
7768248,58812,7709436,24,6091248,864792,6090704,864388,544,404,4416,1344,0,0,5460,1748,6955464,3144,6720,6296,0,0,0,36700,127624,36700,90924,10240,0,0,0,0,0,0,0,"2024-08-19 04:36:41,565"
7768248,60396,7707852,24,6084428,870476,6083884,870072,544,404,4416,1344,0,0,5472,1748,6953932,3156,6720,6296,0,0,0,36700,127624,36700,90924,10240,0,0,0,0,0,0,0,"2024-08-19 04:36:51,567"
7768248,62916,7705332,24,6130576,820176,6130036,819768,540,408,4416,1344,0,0,5464,1748,6949908,3148,6720,6296,0,0,0,36700,127624,36700,90924,10240,0,0,0,0,0,0,0,"2024-08-19 04:37:01,568"
7768248,68040,7700208,24,6072144,875372,6071604,874964,540,408,4416,1344,0,0,5460,1748,6946456,3144,6720,6296,0,0,0,36700,127624,36700,90924,10240,0,0,0,0,0,0,0,"2024-08-19 04:37:11,570"
7768248,58224,7710024,24,6084624,873632,6084088,873220,536,412,4416,1344,0,0,5460,1748,6957236,3144,6720,6296,0,0,0,36700,127624,36700,90924,10240,0,0,0,0,0,0,0,"2024-08-19 04:37:21,572"
7768248,63348,7704900,24,6079912,872248,6079364,871848,548,400,4416,1344,0,0,5460,1748,6951140,3144,6720,6296,0,0,0,36700,127624,36700,90924,10240,0,0,0,0,0,0,0,"2024-08-19 04:37:31,574"
7768248,62264,7705984,24,6067016,885728,6066468,885328,548,400,4416,1344,0,0,5460,1748,6951724,3144,6720,6296,0,0,0,36700,127624,36700,90924,10240,0,0,0,0,0,0,0,"2024-08-19 04:37:41,575"
7768248,61904,7706344,24,6147228,807044,6146692,806632,536,412,4416,1344,0,0,5460,1748,6953252,3144,6720,6296,0,0,0,36700,127624,36700,90924,10240,0,0,0,0,0,0,0,"2024-08-19 04:37:51,577"
7768248,64704,7703544,24,6084092,867968,6083548,867564,544,404,4416,1344,0,0,5460,1748,6951040,3144,6720,6296,0,0,0,36700,127624,36700,90924,10240,0,0,0,0,0,0,0,"2024-08-19 04:38:01,579"
7768248,62388,7705860,24,6103420,847380,6102884,846968,536,412,4416,1344,0,0,5460,1748,6950176,3144,6720,6296,0,0,0,36700,127624,36700,90924,10240,0,0,0,0,0,0,0,"2024-08-19 04:38:11,581"
7768248,74492,7693756,24,6091812,848456,6091276,848044,536,412,4416,1344,0,0,5460,1748,6939320,3144,6720,6296,0,0,0,36700,127624,36700,90924,10240,0,0,0,0,0,0,0,"2024-08-19 04:38:21,608"
7768248,61764,7706484,24,6098328,855520,6097776,855124,552,396,4416,1344,0,0,5460,1748,6952876,3144,6720,6296,0,0,0,36700,127624,36700,90924,10240,0,0,0,0,0,0,0,"2024-08-19 04:38:31,618"
7768248,63084,7705164,24,6081864,870632,6081324,870224,540,408,4416,1344,0,0,5460,1748,6951760,3144,6720,6296,0,0,0,36700,127624,36700,90924,10240,0,0,0,0,0,0,0,"2024-08-19 04:38:41,619"
7768248,58784,7709464,24,6109836,847484,6109292,847080,544,404,4416,1344,0,0,5472,1748,6956492,3156,6720,6296,0,0,0,36700,127624,36700,90924,10240,0,0,0,0,0,0,0,"2024-08-19 04:38:51,620"
7768248,70744,7697504,24,6077200,868596,6076652,868196,548,400,4416,1344,0,0,5460,1748,6944936,3144,6736,6508,0,0,0,36700,127624,36700,90924,10240,0,0,0,0,0,0,0,"2024-08-19 04:39:01,622"
7768248,62564,7705684,24,6074300,878456,6073760,878048,540,408,4416,1344,8,0,5460,1740,6951584,3144,6720,6296,0,0,0,36700,127624,36700,90924,10240,0,0,0,0,0,0,0,"2024-08-19 04:39:11,624"
7768248,59356,7708892,24,6075416,882132,6074872,881728,544,404,4416,1344,0,0,5460,1740,6956528,3144,6720,6296,0,0,0,36700,127624,36700,90924,10240,0,0,0,0,0,0,0,"2024-08-19 04:39:21,626"
7768248,67748,7700500,36,6076852,865960,6076304,865548,548,412,4416,1344,8,0,5484,1740,6941796,3144,6928,6700,0,0,0,36704,127640,36704,90936,6144,0,0,0,0,0,0,0,"2024-08-19 04:39:31,627"
7768248,67636,7700612,36,6076676,865828,6076144,865400,532,428,4416,1344,12,0,5496,1740,6941472,3144,6784,6488,0,0,0,36704,127640,36704,90936,6144,0,0,0,0,0,0,0,"2024-08-19 04:39:41,628"
7768248,68516,7699732,36,6076712,865840,6076160,865408,552,432,4416,1344,16,0,5520,1740,6941484,3156,6784,6488,0,0,0,36704,127640,36704,90936,6144,0,0,0,0,0,0,0,"2024-08-19 04:39:51,629"
7768248,68268,7699980,36,6076712,865848,6076160,865408,552,440,4416,1344,0,0,5528,1740,6941488,3156,6784,6488,0,0,0,36704,127648,36704,90944,6144,0,0,0,0,0,0,0,"2024-08-19 04:40:01,630"
7768248,68268,7699980,36,6076720,865860,6076160,865412,560,448,4416,1344,16,0,5544,1740,6941488,3156,6784,6488,0,0,0,36704,127648,36704,90944,6144,0,0,0,0,0,0,0,"2024-08-19 04:40:11,631"
7768248,68268,7699980,36,6076720,865864,6076160,865412,560,452,4416,1344,20,0,5548,1740,6941488,3156,6784,6488,0,0,0,36704,127648,36704,90944,6144,0,0,0,0,0,0,0,"2024-08-19 04:40:21,632"
7768248,61400,7706848,36,6077380,865892,6076152,865356,1228,536,4416,1344,28,0,6316,2088,6941440,3156,6816,6192,0,0,0,36704,128008,36704,91304,6144,0,0,0,0,0,0,0,"2024-08-19 04:40:31,633"
7768248,60644,7707604,36,6077388,866016,6076152,865468,1236,548,4416,1344,0,0,6328,2088,6941600,3156,6816,6192,0,0,0,36704,128008,36704,91304,6144,0,0,0,0,0,0,0,"2024-08-19 04:40:41,634"
7768248,60824,7707424,36,6077396,866088,6076152,865532,1244,556,4416,1344,16,0,6336,2088,6941600,3156,6816,6192,0,0,0,36704,128016,36704,91312,6144,0,0,0,0,0,0,0,"2024-08-19 04:40:51,636"
7768248,61448,7706800,36,6077396,866100,6076152,865540,1244,560,4416,1344,24,0,6348,2088,6941612,3156,6816,6192,0,0,0,36704,128008,36704,91304,6144,0,0,0,0,0,0,0,"2024-08-19 04:41:01,637"
